,topology,nb_nodes,nb_links,nb_demands,sec_cost,nb_demands_ratio,delay_difference_UB,algo,UB,LB,optGap,nodes_ceil,runtime,feasibility,optimality,thrCallPH,nb_cuts,nb_cols,nb_PHs,nb_lift
0,sun,27,102,92,1,3,1,1000,1.00E+15,19478,inf,1464368,1000192,0,0,0,0,0,0,0
1,Quest,20,62,164,1,3,1,1000,1.00E+15,781079,inf,998315,1000226,0,0,0,0,0,0,0
2,janos-us-ca,39,122,22,0,2,2,1000,1.00E+15,7463405.975,inf,859959,1000140,0,0,0,0,0,0,0
3,Quest,20,62,164,1,2,1,1000,1.00E+15,795119,inf,1611353,1000205,0,0,0,0,0,0,0
4,ta1,24,106,90,1,1,3,1000,1.00E+15,4.53E+12,inf,2315433,1000195,0,0,0,0,0,0,0
5,Canerie,32,82,34,0,3,1,1000,1.00E+15,250650,inf,917053,1000151,0,0,0,0,0,0,0
6,random_20_3,20,56,176,0,3,1,1000,1.00E+15,437510,inf,1524472,1000205,0,0,0,0,0,0,0
7,random_25_4,25,120,173,1,3,3,1000,1.00E+15,671320,inf,379927,1000337,0,0,0,0,0,0,0
8,Rediris,19,63,71,1,3,3,1000,1.00E+15,254464,inf,1693680,1000151,0,0,0,0,0,0,0
9,Quest,20,62,54,1,2,3,1000,1.00E+15,371038,inf,1424322,1000145,0,0,0,0,0,0,0
10,random_25_3,25,90,105,0,1,3,1000,1.00E+15,390471,inf,1689646,1000205,0,0,0,0,0,0,0
11,random_30_3,30,130,508,1,3,1,1000,1.00E+15,1801340,inf,790516,1000820,0,0,0,0,0,0,0
12,giul39,39,172,243,0,3,2,1000,1.00E+15,116460,inf,575457,1000451,0,0,0,0,0,0,0
13,france,25,90,40,0,3,2,1000,1.00E+15,8925600,inf,1357949,1000611,0,0,0,0,0,0,0
14,norway,27,102,694,0,2,1,1000,1.00E+15,294563220,inf,1315383,1000755,0,0,0,0,0,0,0
15,random_30_3,30,130,169,0,1,3,1000,1.00E+15,421553,inf,2102824,1000355,0,0,0,0,0,0,0
16,zib54,54,161,420,0,3,1,1000,1.00E+15,20896705904,inf,912893,1000835,0,0,0,0,0,0,0
17,random_25_3,25,90,317,0,3,1,1000,1.00E+15,824785,inf,874357,1000412,0,0,0,0,0,0,0
18,geant,22,72,91,1,1,2,1000,1.00E+15,406583600,inf,1125382,1000188,0,0,0,0,0,0,0
19,random_25_3,25,90,158,1,2,2,1000,1.00E+15,782240,inf,1721982,1000253,0,0,0,0,0,0,0
20,sun,27,102,92,0,2,1,1000,1.00E+15,18070,inf,847200,1000225,0,0,0,0,0,0,0
21,random_25_4,25,120,519,1,1,1,1000,1.00E+15,1855308,inf,2019043,1000745,0,0,0,0,0,0,0
22,Evolink,37,90,21,1,1,3,1000,1.00E+15,220200,inf,1183896,1070007,0,0,0,0,0,0,0
23,random_30_5,30,216,279,0,3,3,1000,1.00E+15,402835,inf,1564908,1000728,0,0,0,0,0,0,0
24,geant,22,72,91,0,3,2,1000,1.00E+15,399462250,inf,612773,1000164,0,0,0,0,0,0,0
25,Canerie,32,82,34,0,1,1,1000,1.00E+15,251527,inf,694265,1000137,0,0,0,0,0,0,0
26,random_30_3,30,130,169,0,3,3,1000,1.00E+15,405200,inf,962118,1000315,0,0,0,0,0,0,0
27,Xeex,24,68,65,0,2,2,1000,1.00E+15,362463,inf,985716,1000156,0,0,0,0,0,0,0
28,Xeex,24,68,65,1,3,2,1000,1.00E+15,451362,inf,564670,1000162,0,0,0,0,0,0,0
29,zib54,54,161,210,0,1,2,1000,1.00E+15,15058887793,inf,725562,1000487,0,0,0,0,0,0,0
30,random_30_4,30,174,382,1,1,2,1000,1.00E+15,1301420,inf,957739,1000904,0,0,0,0,0,0,0
31,random_20_5,20,94,113,1,3,3,1000,1.00E+15,493450,inf,1063228,1000222,0,0,0,0,0,0,0
32,giul39,39,172,243,1,2,2,1000,1.00E+15,109568,inf,987766,1000480,0,0,0,0,0,0,0
33,Abvt,23,62,67,0,3,2,1000,1.00E+15,430286,inf,1539611,1000157,0,0,0,0,0,0,0
34,janos-us-ca,39,122,44,1,2,1,1000,1.00E+15,9268797,inf,587156,1000154,0,0,0,0,0,0,0
35,Quest,20,62,164,1,1,1,1000,1.00E+15,813252,inf,349480,1000215,0,0,0,0,0,0,0
36,Xeex,24,68,130,0,1,1,1000,1.00E+15,523734,inf,905144,1000192,0,0,0,0,0,0,0
37,geant,22,72,61,1,3,3,1000,1.00E+15,302435000,inf,1612903,1005307,0,0,0,0,0,0,0
38,random_20_3,20,56,58,0,2,3,1000,252450,187111.4481,0.349199,968918,1000144,1,0,0,0,0,0,0
39,random_20_3,20,56,176,0,1,1,1000,1.00E+15,459754,inf,1545010,1000210,0,0,0,0,0,0,0
40,random_30_4,30,174,765,1,2,1,1000,1.00E+15,2487520,inf,1119123,1001685,0,0,0,0,0,0,0
41,random_30_5,30,216,838,0,3,1,1000,1.00E+15,1223418,inf,2324302,1002175,0,0,0,0,0,0,0
42,janos-us-ca,39,122,22,1,2,2,1000,1.00E+15,7035620,inf,438841,1000133,0,0,0,0,0,0,0
43,zib54,54,161,420,0,2,1,1000,1.00E+15,21085492012,inf,1105624,1000767,0,0,0,0,0,0,0
44,random_30_3,30,130,169,1,2,3,1000,1.00E+15,532140,inf,859549,1000378,0,0,0,0,0,0,0
45,Bandcon,22,56,36,1,1,2,1000,1.00E+15,301500,inf,708627,1000378,0,0,0,0,0,0,0
46,random_30_3,30,130,169,1,3,3,1000,1.00E+15,541564,inf,501484,1000333,0,0,0,0,0,0,0
47,Canerie,32,82,17,0,1,2,1000,1.00E+15,173450,inf,700880,1091225,0,0,0,0,0,0,0
48,HurricaneElectric,24,74,215,1,2,1,1000,1.00E+15,643698,inf,969568,1000304,0,0,0,0,0,0,0
49,zib54,54,161,420,1,3,1,1000,1.00E+15,19567855321,inf,1126922,1000911,0,0,0,0,0,0,0
50,random_30_5,30,216,279,0,1,3,1000,1.00E+15,402455,inf,590126,1000720,0,0,0,0,0,0,0
51,Abvt,23,62,44,0,1,3,1000,1.00E+15,288163,inf,901694,1000138,0,0,0,0,0,0,0
52,random_30_5,30,216,838,1,1,1,1000,1.00E+15,2003564,inf,1161368,1002261,0,0,0,0,0,0,0
53,sun,27,102,30,0,3,3,1000,1.00E+15,9642,inf,946370,1000142,0,0,0,0,0,0,0
54,HurricaneElectric,24,74,107,1,1,2,1000,1.00E+15,379285,inf,1347200,1000188,0,0,0,0,0,0,0
55,Rediris,19,63,71,0,2,3,1000,1.00E+15,162802,inf,772637,1000151,0,0,0,0,0,0,0
56,cost266,37,114,52,1,1,3,1000,1.00E+15,8947809068,inf,1546230,1000000,0,0,0,0,0,0,0
57,random_20_4,20,76,81,0,1,3,1000,1.00E+15,232937,inf,2255709,1000173,0,0,0,0,0,0,0
58,random_30_4,30,174,382,1,2,2,1000,1.00E+15,1285460,inf,410574,1000835,0,0,0,0,0,0,0
59,sun,27,102,92,0,1,1,1000,1.00E+15,19050,inf,1380697,1000212,0,0,0,0,0,0,0
60,janos-us-ca,39,122,14,0,2,3,1000,1.00E+15,5986520,inf,977137,1000125,0,0,0,0,0,0,0
61,ta1,24,106,272,1,3,1,1000,1.00E+15,6.87E+12,inf,1382746,1000401,0,0,0,0,0,0,0
62,random_30_4,30,174,765,1,1,1,1000,1.00E+15,2502364,inf,880447,1001781,0,0,0,0,0,0,0
63,Ibm,18,48,105,0,1,1,1000,1.00E+15,421297,inf,789286,1000165,0,0,0,0,0,0,0
64,HurricaneElectric,24,74,71,0,3,3,1000,188400,188400,0,844972,861330,1,1,0,0,0,0,0
65,random_20_4,20,76,81,1,3,3,1000,311200,311200,0,408646,999010,1,1,0,0,0,0,0
66,janos-us-ca,39,122,44,1,1,1,1000,1.00E+15,9623460,inf,892095,1000156,0,0,0,0,0,0,0
67,random_30_4,30,174,765,0,1,1,1000,1.00E+15,1608532,inf,1071327,1001855,0,0,0,0,0,0,0
68,cost266,37,114,156,3,0,1,1000,1.00E+15,13375289018,inf,551359,1000000,0,0,0,0,0,0,0
69,Rediris,19,63,214,0,3,1,1000,1.00E+15,428917,inf,887726,1000239,0,0,0,0,0,0,0
70,random_30_5,30,216,838,0,2,1,1000,1.00E+15,1256124,inf,2134621,1002114,0,0,0,0,0,0,0
71,random_30_5,30,216,419,0,3,2,1000,1.00E+15,627031,inf,361348,1001142,0,0,0,0,0,0,0
72,random_25_5,25,150,197,0,1,3,1000,1.00E+15,443575,inf,1808184,1000427,0,0,0,0,0,0,0
73,Xeex,24,68,65,0,3,2,1000,1.00E+15,346771,inf,1549110,1000163,0,0,0,0,0,0,0
74,nobel-eu,28,82,12,1,3,2,1000,1256528,1256528,0,204517,92840,1,1,0,0,0,0,0
75,Abvt,23,62,44,0,3,3,1000,1.00E+15,270700,inf,1210384,1050285,0,0,0,0,0,0,0
76,Ibm,18,48,35,1,3,3,1000,1.00E+15,249850,inf,1383906,1002889,0,0,0,0,0,0,0
77,random_25_5,25,150,296,1,2,2,1000,1.00E+15,1042436,inf,707114,1000598,0,0,0,0,0,0,0
78,Abvt,23,62,134,1,1,1,1000,1.00E+15,872239,inf,511713,1000198,0,0,0,0,0,0,0
79,random_30_4,30,174,765,1,3,1,1000,1.00E+15,2502662,inf,909344,1001595,0,0,0,0,0,0,0
80,cost266,37,114,78,3,0,2,1000,1.00E+15,10206699131,inf,311653,1000591,0,0,0,0,0,0,0
81,germany50,50,176,24,0,1,3,1000,1.00E+15,4486355,inf,944670,1000150,0,0,0,0,0,0,0
82,ta1,24,106,136,0,3,2,1000,1.00E+15,5.32E+12,inf,511653,1000241,0,0,0,0,0,0,0
83,sun,27,102,46,0,1,2,1000,1.00E+15,12854,inf,1757959,1000157,0,0,0,0,0,0,0
84,france,25,90,27,1,3,3,1000,7265565,7261003,0.000628,117923,92071,1,1,0,0,0,0,0
85,random_30_5,30,216,419,0,1,2,1000,1.00E+15,639442,inf,1414093,1001075,0,0,0,0,0,0,0
86,random_25_3,25,90,317,1,2,1,1000,1.00E+15,1216084,inf,1211833,1000436,0,0,0,0,0,0,0
87,random_20_5,20,94,341,0,1,1,1000,1.00E+15,917393,inf,899045,1000517,0,0,0,0,0,0,0
88,random_20_5,20,94,341,1,3,1,1000,1.00E+15,1290602,inf,358979,1000463,0,0,0,0,0,0,0
89,cost266,37,114,52,2,0,3,1000,1.00E+15,8481590573,inf,837201,1000576,0,0,0,0,0,0,0
90,france,25,90,40,0,1,2,1000,1.00E+15,10458620,inf,305184,1000143,0,0,0,0,0,0,0
91,geant,22,72,183,0,3,1,1000,1.00E+15,488752690,inf,1127222,1000234,0,0,0,0,0,0,0
92,random_20_3,20,56,88,0,2,2,1000,336950,258196.0977,0.305016,1100475,1000158,1,0,0,0,0,0,0
93,janos-us-ca,39,122,22,1,1,2,1000,1.00E+15,716950,inf,1391995,1000132,0,0,0,0,0,0,0
94,Xeex,24,68,43,0,3,3,1000,1.00E+15,273978,inf,1976087,1000138,0,0,0,0,0,0,0
95,Ibm,18,48,52,0,1,2,1000,1.00E+15,268552,inf,651269,1000138,0,0,0,0,0,0,0
96,random_30_5,30,216,838,1,3,1,1000,1.00E+15,2061469,inf,1173517,1002308,0,0,0,0,0,0,0
97,zib54,54,161,420,1,1,1,1000,1.00E+15,20370005000,inf,984766,1000880,0,0,0,0,0,0,0
98,zib54,54,161,140,1,2,3,1000,1.00E+15,10256866500,inf,867728,1000339,0,0,0,0,0,0,0
99,janos-us-ca,39,122,44,0,3,1,1000,1.00E+15,10092700,inf,716843,1000152,0,0,0,0,0,0,0
100,random_25_4,25,120,259,0,3,2,1000,1.00E+15,614130,inf,808004,1000465,0,0,0,0,0,0,0
101,random_30_4,30,174,255,1,3,3,1000,1.00E+15,891764,inf,963778,1000570,0,0,0,0,0,0,0
102,Canerie,32,82,11,0,3,3,1000,116350,116350,0,140770,274153,1,1,0,0,0,0,0
103,random_20_4,20,76,245,0,3,1,1000,1.00E+15,576227,inf,1600305,1000309,0,0,0,0,0,0,0
104,ta1,24,106,272,0,3,1,1000,1.00E+15,6.87E+12,inf,709074,1000471,0,0,0,0,0,0,0
105,random_25_5,25,150,197,1,3,3,1000,1.00E+15,659859,inf,848750,1000422,0,0,0,0,0,0,0
106,france,25,90,81,1,1,1,1000,1.00E+15,12258505,inf,1357079,1000176,0,0,0,0,0,0,0
107,Goodnet,17,62,139,0,1,1,1000,1.00E+15,372727,inf,1296405,1000227,0,0,0,0,0,0,0
108,nobel-eu,28,82,25,1,2,1,1000,1.00E+15,2054622,inf,936541,1000127,0,0,0,0,0,0,0
109,nobel-eu,28,82,25,0,2,1,1000,1.00E+15,2154860,inf,681816,1000159,0,0,0,0,0,0,0
110,Quest,20,62,82,1,3,2,1000,1.00E+15,482272,inf,1571177,1000152,0,0,0,0,0,0,0
111,random_25_3,25,90,158,1,1,2,1000,1.00E+15,803620,inf,770758,1000274,0,0,0,0,0,0,0
112,random_20_3,20,56,88,0,1,2,1000,1.00E+15,275466,inf,802834,1000159,0,0,0,0,0,0,0
113,HurricaneElectric,24,74,71,1,2,3,1000,1.00E+15,294440,inf,639781,1000173,0,0,0,0,0,0,0
114,france,25,90,81,0,3,1,1000,1.00E+15,11746320,inf,1073707,1000171,0,0,0,0,0,0,0
115,zib54,54,161,420,0,1,1,1000,1.00E+15,21235468520,inf,850630,1000801,0,0,0,0,0,0,0
116,Rediris,19,63,214,0,2,1,1000,1.00E+15,443350,inf,644770,1000247,0,0,0,0,0,0,0
117,random_30_5,30,216,838,0,1,1,1000,1.00E+15,1268341,inf,704564,1002568,0,0,0,0,0,0,0
118,random_30_4,30,174,765,0,3,1,1000,1.00E+15,1638813,inf,871397,1001584,0,0,0,0,0,0,0
119,germany50,50,176,36,0,1,2,1000,1.00E+15,5835468,inf,701464,1000172,0,0,0,0,0,0,0
120,random_30_4,30,174,765,0,2,1,1000,1.00E+15,1638415,inf,856079,1001588,0,0,0,0,0,0,0
121,random_20_4,20,76,245,0,1,1,1000,1.00E+15,604698,inf,479637,1000302,0,0,0,0,0,0,0
122,random_25_5,25,150,197,0,2,3,1000,1.00E+15,437446,inf,1035531,1000406,0,0,0,0,0,0,0
123,Goodnet,17,62,69,1,3,2,1000,1.00E+15,315220,inf,1067278,1000149,0,0,0,0,0,0,0
124,geant,22,72,61,1,2,3,1000,1.00E+15,308564882,inf,785486,1000151,0,0,0,0,0,0,0
125,geant,22,72,183,1,3,1,1000,1.00E+15,489657855,inf,1274087,1000239,0,0,0,0,0,0,0
126,Bandcon,22,56,73,0,3,1,1000,1.00E+15,338150,inf,787770,1004694,0,0,0,0,0,0,0
127,random_20_3,20,56,176,1,1,1,1000,1.00E+15,673865,inf,1289020,1000202,0,0,0,0,0,0,0
128,ta1,24,106,136,0,2,2,1000,1.00E+15,5.35E+12,inf,468168,1000263,0,0,0,0,0,0,0
129,ta1,24,106,90,0,1,3,1000,1.00E+15,4.53E+12,inf,1176997,1000203,0,0,0,0,0,0,0
130,random_25_3,25,90,317,1,1,1,1000,1.00E+15,1236543,inf,1087606,1000416,0,0,0,0,0,0,0
131,Rediris,19,63,107,0,2,2,1000,1.00E+15,230779,inf,528332,1000172,0,0,0,0,0,0,0
132,random_25_3,25,90,317,0,2,1,1000,1.00E+15,838646,inf,409424,1000521,0,0,0,0,0,0,0
133,norway,27,102,231,1,3,3,1000,1.00E+15,92658590,inf,496965,1000361,0,0,0,0,0,0,0
134,cost266,37,114,156,2,1,1,1000,1.00E+15,13704347267,inf,1149470,1000683,0,0,0,0,0,0,0
135,germany50,50,176,73,1,1,1,1000,1.00E+15,7189956,inf,956019,1000217,0,0,0,0,0,0,0
136,Ibm,18,48,105,1,3,1,1000,1.00E+15,556450,inf,894725,1083513,0,0,0,0,0,0,0
137,janos-us-ca,39,122,22,1,3,2,1000,1.00E+15,7114370,inf,938571,1000133,0,0,0,0,0,0,0
138,Canerie,32,82,11,1,1,3,1000,159950,159950,0,52394,56774,1,1,0,0,0,0,0
139,Goodnet,17,62,46,1,3,3,1000,1.00E+15,206664,inf,1171517,1000142,0,0,0,0,0,0,0
140,zib54,54,161,140,0,3,3,1000,1.00E+15,11066799714,inf,836351,1000338,0,0,0,0,0,0,0
141,nobel-eu,28,82,8,0,3,3,1000,999800,999800,0,78457,53209,1,1,0,0,0,0,0
142,Rediris,19,63,214,0,1,1,1000,1.00E+15,451525,inf,2107004,1000248,0,0,0,0,0,0,0
143,ta1,24,106,90,1,2,3,1000,1.00E+15,4.51E+12,inf,1462188,1000210,0,0,0,0,0,0,0
144,Xeex,24,68,130,1,1,1,1000,1.00E+15,698289,inf,1336531,1000209,0,0,0,0,0,0,0
145,Evolink,37,90,21,0,3,3,1000,1.00E+15,113650,inf,581476,1002581,0,0,0,0,0,0,0
146,Abvt,23,62,44,1,2,3,1000,1.00E+15,393350,inf,520963,1013737,0,0,0,0,0,0,0
147,random_20_4,20,76,122,0,3,2,1000,1.00E+15,305362,inf,976467,1000197,0,0,0,0,0,0,0
148,germany50,50,176,36,0,2,2,1000,1.00E+15,5618074,inf,1110254,1000165,0,0,0,0,0,0,0
149,giul39,39,172,162,0,2,3,1000,1.00E+15,75339,inf,586476,1000340,0,0,0,0,0,0,0
150,random_25_5,25,150,296,1,3,2,1000,1.00E+15,1037212,inf,657319,1000598,0,0,0,0,0,0,0
151,random_20_5,20,94,113,0,2,3,1000,1.00E+15,349050,inf,431071,1000213,0,0,0,0,0,0,0
152,random_25_4,25,120,519,1,2,1,1000,1.00E+15,1824625,inf,1101704,1000800,0,0,0,0,0,0,0
153,Quest,20,62,54,0,3,3,1000,1.00E+15,275782,inf,651669,1000146,0,0,0,0,0,0,0
154,giul39,39,172,243,0,1,2,1000,1.00E+15,117856,inf,1379497,1000498,0,0,0,0,0,0,0
155,Goodnet,17,62,139,1,2,1,1000,1.00E+15,522460,inf,786236,1000195,0,0,0,0,0,0,0
156,random_25_4,25,120,173,1,2,3,1000,1.00E+15,688075,inf,1211643,1000307,0,0,0,0,0,0,0
157,Goodnet,17,62,139,0,2,1,1000,1.00E+15,361898,inf,462938,1000187,0,0,0,0,0,0,0
158,random_25_4,25,120,519,0,3,1,1000,1.00E+15,1181283,inf,919913,1000743,0,0,0,0,0,0,0
159,Quest,20,62,82,0,2,2,1000,1.00E+15,368831,inf,680467,1000164,0,0,0,0,0,0,0
160,norway,27,102,347,0,3,2,1000,1.00E+15,144563566,inf,858899,1000531,0,0,0,0,0,0,0
161,Rediris,19,63,71,1,2,3,1000,1.00E+15,257117,inf,1224662,1000156,0,0,0,0,0,0,0
162,Xeex,24,68,43,0,1,3,1000,1.00E+15,280168,inf,826632,1000145,0,0,0,0,0,0,0
163,Goodnet,17,62,46,0,2,3,1000,1.00E+15,144600,inf,1398345,1000144,0,0,0,0,0,0,0
164,Evolink,37,90,64,0,1,1,1000,1.00E+15,229145,inf,1069028,1000164,0,0,0,0,0,0,0
165,Xeex,24,68,43,1,3,3,1000,1.00E+15,351828,inf,677277,1000140,0,0,0,0,0,0,0
166,random_20_3,20,56,176,1,3,1,1000,1.00E+15,641109,inf,800855,1000218,0,0,0,0,0,0,0
167,Evolink,37,90,64,0,3,1,1000,1.00E+15,211200,inf,2181866,1075067,0,0,0,0,0,0,0
168,Abvt,23,62,134,0,1,1,1000,1.00E+15,567028,inf,745740,1000198,0,0,0,0,0,0,0
169,random_30_4,30,174,255,1,2,3,1000,1.00E+15,895179,inf,1287606,1000595,0,0,0,0,0,0,0
170,Abvt,23,62,44,0,2,3,1000,1.00E+15,280800,inf,1389576,1086108,0,0,0,0,0,0,0
171,HurricaneElectric,24,74,215,1,1,1,1000,1.00E+15,649533,inf,984016,1000274,0,0,0,0,0,0,0
172,Rediris,19,63,71,0,3,3,1000,1.00E+15,158935,inf,657149,1000152,0,0,0,0,0,0,0
173,Evolink,37,90,21,0,1,3,1000,1.00E+15,142198,inf,2510014,1000139,0,0,0,0,0,0,0
174,Ibm,18,48,105,1,2,1,1000,1.00E+15,559265,inf,1148870,1000166,0,0,0,0,0,0,0
175,random_25_3,25,90,158,1,3,2,1000,1.00E+15,779926,inf,993485,1000259,0,0,0,0,0,0,0
176,janos-us-ca,39,122,14,1,1,3,1000,1.00E+15,6157179,inf,740391,1000126,0,0,0,0,0,0,0
177,Xeex,24,68,130,0,2,1,1000,1.00E+15,519036,inf,724962,1000214,0,0,0,0,0,0,0
178,random_30_4,30,174,382,0,2,2,1000,1.00E+15,891535,inf,1198965,1000859,0,0,0,0,0,0,0
179,Evolink,37,90,21,1,3,3,1000,1.00E+15,190600,inf,587976,1004241,0,0,0,0,0,0,0
180,Quest,20,62,82,0,3,2,1000,1.00E+15,361007,inf,1484366,1000167,0,0,0,0,0,0,0
181,france,25,90,40,1,1,2,1000,1.00E+15,10515112,inf,1098855,1000139,0,0,0,0,0,0,0
182,random_20_4,20,76,122,1,1,2,1000,1.00E+15,446468,inf,429242,1000217,0,0,0,0,0,0,0
183,giul39,39,172,162,0,1,3,1000,1.00E+15,76642,inf,720463,1000346,0,0,0,0,0,0,0
184,Quest,20,62,54,1,3,3,1000,1.00E+15,364426,inf,980087,1000144,0,0,0,0,0,0,0
185,HurricaneElectric,24,74,215,0,3,1,1000,1.00E+15,392778,inf,740811,1000278,0,0,0,0,0,0,0
186,Goodnet,17,62,139,1,1,1,1000,1.00E+15,534749,inf,1353849,1000189,0,0,0,0,0,0,0
187,Canerie,32,82,17,1,1,2,1000,1.00E+15,243524,inf,941320,1000133,0,0,0,0,0,0,0
188,Rediris,19,63,214,1,1,1,1000,1.00E+15,718310,inf,1127822,1000255,0,0,0,0,0,0,0
189,random_30_3,30,130,508,0,1,1,1000,1.00E+15,1315188,inf,1106274,1000992,0,0,0,0,0,0,0
190,norway,27,102,231,1,1,3,1000,1.00E+15,100758575,inf,920343,1000329,0,0,0,0,0,0,0
191,nobel-eu,28,82,25,0,1,1,1000,1.00E+15,2335686,inf,635671,1000131,0,0,0,0,0,0,0
192,random_20_5,20,94,170,0,3,2,1000,1.00E+15,509800,inf,1239841,1000288,0,0,0,0,0,0,0
193,ta1,24,106,136,0,1,2,1000,1.00E+15,5.40E+12,inf,640521,1000243,0,0,0,0,0,0,0
194,random_25_3,25,90,105,0,3,3,1000,1.00E+15,382757,inf,857679,1000223,0,0,0,0,0,0,0
195,random_25_4,25,120,259,1,3,2,1000,1.00E+15,946086,inf,987536,1000448,0,0,0,0,0,0,0
196,cost266,37,114,52,2,1,3,1000,1.00E+15,8503826678,inf,1793105,1000558,0,0,0,0,0,0,0
197,norway,27,102,694,0,1,1,1000,1.00E+15,298563214,inf,1246740,1000762,0,0,0,0,0,0,0
198,geant,22,72,61,0,3,3,1000,1.00E+15,324563363,inf,1278357,1000553,0,0,0,0,0,0,0
199,germany50,50,176,36,1,2,2,1000,1.00E+15,5272160,inf,755409,1000168,0,0,0,0,0,0,0
200,random_30_3,30,130,508,0,2,1,1000,1.00E+15,1300141,inf,901924,1000836,0,0,0,0,0,0,0
201,random_25_4,25,120,519,1,3,1,1000,1.00E+15,1798901,inf,608554,1000870,0,0,0,0,0,0,0
202,random_20_4,20,76,245,1,3,1,1000,1.00E+15,820769,inf,699195,1000317,0,0,0,0,0,0,0
203,nobel-eu,28,82,8,1,3,3,1000,1000072,1000072,0,76977,50098,1,1,0,0,0,0,0
204,random_20_5,20,94,113,1,2,3,1000,1.00E+15,506336,inf,1338851,1000237,0,0,0,0,0,0,0
205,random_20_4,20,76,81,0,2,3,1000,1.00E+15,226143,inf,1392975,1000177,0,0,0,0,0,0,0
206,ta1,24,106,90,0,2,3,1000,1.00E+15,4.51E+12,inf,1016913,1000198,0,0,0,0,0,0,0
207,HurricaneElectric,24,74,71,0,2,3,1000,1.00E+15,190333,inf,1193315,1000163,0,0,0,0,0,0,0
208,france,25,90,27,1,2,3,1000,1.00E+15,7856873,inf,1382826,1000131,0,0,0,0,0,0,0
209,random_30_4,30,174,255,0,3,3,1000,1.00E+15,595892,inf,572307,1000552,0,0,0,0,0,0,0
210,Bandcon,22,56,36,1,3,2,1000,1.00E+15,275550,inf,832106,1001241,0,0,0,0,0,0,0
211,giul39,39,172,162,1,3,3,1000,1.00E+15,75050,inf,1247640,1000390,0,0,0,0,0,0,0
212,geant,22,72,183,0,1,1,1000,1.00E+15,529896350,inf,466548,1000221,0,0,0,0,0,0,0
213,norway,27,102,231,1,2,3,1000,1.00E+15,92568900,inf,410274,1000362,0,0,0,0,0,0,0
214,random_25_4,25,120,519,0,1,1,1000,1.00E+15,1210720,inf,830402,1000891,0,0,0,0,0,0,0
215,ta1,24,106,136,1,2,2,1000,1.00E+15,5.36E+12,inf,1226142,1000249,0,0,0,0,0,0,0
216,Ibm,18,48,35,1,2,3,1000,1.00E+15,253850,inf,481756,1002344,0,0,0,0,0,0,0
217,HurricaneElectric,24,74,107,1,2,2,1000,1.00E+15,376659,inf,1711313,1000198,0,0,0,0,0,0,0
218,HurricaneElectric,24,74,71,1,3,3,1000,1.00E+15,291950,inf,725092,1002421,0,0,0,0,0,0,0
219,random_30_5,30,216,279,1,3,3,1000,1.00E+15,666775,inf,663248,1000725,0,0,0,0,0,0,0
220,Canerie,32,82,17,0,3,2,1000,1.00E+15,171250,inf,711673,1007223,0,0,0,0,0,0,0
221,janos-us-ca,39,122,14,0,3,3,1000,1.00E+15,5850680,inf,623092,1000125,0,0,0,0,0,0,0
222,HurricaneElectric,24,74,215,0,2,1,1000,1.00E+15,390000,inf,769908,1000287,0,0,0,0,0,0,0
223,norway,27,102,231,0,3,3,1000,1.00E+15,98454650,inf,641650,1000340,0,0,0,0,0,0,0
224,germany50,50,176,73,0,2,1,1000,1.00E+15,7154550,inf,837181,1000240,0,0,0,0,0,0,0
225,random_25_3,25,90,317,0,1,1,1000,1.00E+15,855444,inf,1089186,1000456,0,0,0,0,0,0,0
226,Evolink,37,90,32,1,2,2,1000,1.00E+15,271650,inf,857430,1018920,0,0,0,0,0,0,0
227,random_25_5,25,150,197,1,2,3,1000,1.00E+15,664461,inf,746110,1000483,0,0,0,0,0,0,0
228,nobel-eu,28,82,12,1,2,2,1000,1269714,1269714,0,102552,13438,1,1,0,0,0,0,0
229,Abvt,23,62,67,1,2,2,1000,694950,608993,0.141146,1171517,1000151,1,0,0,0,0,0,0
230,Goodnet,17,62,46,0,1,3,1000,1.00E+15,147288,inf,948740,1000146,0,0,0,0,0,0,0
231,nobel-eu,28,82,12,1,1,2,1000,1.00E+15,1396892,inf,1236070,1075927,0,0,0,0,0,0,0
232,janos-us-ca,39,122,44,1,3,1,1000,1.00E+15,9785250,inf,773607,1000152,0,0,0,0,0,0,0
233,random_25_4,25,120,173,0,3,3,1000,1.00E+15,441350,inf,997605,1000292,0,0,0,0,0,0,0
234,Ibm,18,48,52,1,2,2,1000,1.00E+15,344400,inf,945350,1009821,0,0,0,0,0,0,0
235,germany50,50,176,73,1,2,1,1000,1.00E+15,7153098,inf,586626,1000221,0,0,0,0,0,0,0
236,sun,27,102,30,1,3,3,1000,1.00E+15,10107,inf,1268858,1000147,0,0,0,0,0,0,0
237,random_20_5,20,94,170,0,1,2,1000,1.00E+15,526350,inf,1055459,1000283,0,0,0,0,0,0,0
238,Ibm,18,48,105,1,1,1,1000,1.00E+15,578678,inf,1100125,1000156,0,0,0,0,0,0,0
239,sun,27,102,30,0,2,3,1000,1.00E+15,9622,inf,742740,1000142,0,0,0,0,0,0,0
240,Abvt,23,62,44,1,1,3,1000,1.00E+15,375641,inf,839731,1000139,0,0,0,0,0,0,0
241,Canerie,32,82,17,1,2,2,1000,1.00E+15,239950,inf,1166148,1008210,0,0,0,0,0,0,0
242,random_20_4,20,76,245,1,1,1,1000,1.00E+15,850766,inf,2340451,1000302,0,0,0,0,0,0,0
243,Evolink,37,90,64,0,2,1,1000,1.00E+15,203586,inf,440771,1000166,0,0,0,0,0,0,0
244,france,25,90,40,1,2,2,1000,1.00E+15,9616616,inf,754409,1000139,0,0,0,0,0,0,0
245,giul39,39,172,487,0,2,1,1000,1.00E+15,199530,inf,471337,1000924,0,0,0,0,0,0,0
246,geant,22,72,183,1,2,1,1000,1.00E+15,511092679,inf,1331501,1000245,0,0,0,0,0,0,0
247,random_25_5,25,150,296,0,3,2,1000,1.00E+15,679109,inf,878177,1000704,0,0,0,0,0,0,0
248,norway,27,102,694,1,1,1,1000,1.00E+15,292207017,inf,877267,1000817,0,0,0,0,0,0,0
249,zib54,54,161,140,0,1,3,1000,1.00E+15,11169203271,inf,546310,1000416,0,0,0,0,0,0,0
250,Evolink,37,90,64,1,2,1,1000,354400,350982,0.009647,1196365,1000178,1,0,0,0,0,0,0
251,Quest,20,62,82,1,1,2,1000,1.00E+15,496509,inf,806154,1000154,0,0,0,0,0,0,0
252,random_25_3,25,90,158,0,1,2,1000,1.00E+15,553812,inf,2160399,1000269,0,0,0,0,0,0,0
253,random_30_5,30,216,279,1,1,3,1000,1.00E+15,676805,inf,469318,1000717,0,0,0,0,0,0,0
254,random_20_4,20,76,81,1,2,3,1000,395400,309390,0.277998,709344,1000181,1,0,0,0,0,0,0
255,random_30_3,30,130,508,1,2,1,1000,1.00E+15,1838328,inf,799855,1000911,0,0,0,0,0,0,0
256,random_25_3,25,90,105,0,2,3,1000,1.00E+15,384535,inf,531431,1000212,0,0,0,0,0,0,0
257,norway,27,102,347,1,2,2,1000,1.00E+15,132568140,inf,651419,1000495,0,0,0,0,0,0,0
258,france,25,90,81,0,1,1,1000,1.00E+15,13665230,inf,898925,1000174,0,0,0,0,0,0,0
259,random_20_4,20,76,81,0,3,3,1000,226700,226700,0,176722,236298,1,1,0,0,0,0,0
260,Abvt,23,62,134,1,3,1,1000,1.00E+15,854923,inf,964888,1000190,0,0,0,0,0,0,0
261,Xeex,24,68,130,1,3,1,1000,1.00E+15,641896,inf,722312,1000209,0,0,0,0,0,0,0
262,random_20_3,20,56,88,1,2,2,1000,503150,392809,0.280902,598775,1000155,1,0,0,0,0,0,0
263,Bandcon,22,56,24,0,1,3,1000,1.00E+15,163700,inf,545660,1007500,0,0,0,0,0,0,0
264,janos-us-ca,39,122,22,0,3,2,1000,1.00E+15,7344200,inf,1201314,1000132,0,0,0,0,0,0,0
265,norway,27,102,347,1,1,2,1000,1.00E+15,148047881,inf,873677,1000619,0,0,0,0,0,0,0
266,geant,22,72,91,1,2,2,1000,1.00E+15,402112891,inf,1401494,1000178,0,0,0,0,0,0,0
267,random_30_5,30,216,419,0,2,2,1000,1.00E+15,630910,inf,2199165,1001096,0,0,0,0,0,0,0
268,Bandcon,22,56,73,1,1,1,1000,1.00E+15,504692,inf,1488886,1000148,0,0,0,0,0,0,0
269,Bandcon,22,56,73,1,3,1,1000,1.00E+15,470050,inf,515990,1002245,0,0,0,0,0,0,0
270,Canerie,32,82,34,0,2,1,1000,1.00E+15,248560,inf,921272,1000142,0,0,0,0,0,0,0
271,random_25_5,25,150,197,0,3,3,1000,1.00E+15,431750,inf,858649,1000408,0,0,0,0,0,0,0
272,zib54,54,161,140,1,3,3,1000,1.00E+15,10928566300,inf,1006114,1000345,0,0,0,0,0,0,0
273,cost266,37,114,156,1,1,1,1000,1.00E+15,14368648028,inf,549380,1000677,0,0,0,0,0,0,0
274,france,25,90,27,0,1,3,1000,1.00E+15,8354622,inf,784156,1000158,0,0,0,0,0,0,0
275,random_25_5,25,150,593,0,2,1,1000,1.00E+15,1349580,inf,871397,1001139,0,0,0,0,0,0,0
276,random_25_4,25,120,173,0,2,3,1000,1.00E+15,437656,inf,1041730,1000317,0,0,0,0,0,0,0
277,cost266,37,114,156,2,0,1,1000,1.00E+15,13738199126,inf,1139551,1000680,0,0,0,0,0,0,0
278,sun,27,102,46,0,3,2,1000,1.00E+15,12249,inf,713263,1000154,0,0,0,0,0,0,0
279,Bandcon,22,56,36,1,2,2,1000,287450,287450,0,208584,422400,1,1,0,0,0,0,0
280,random_20_4,20,76,122,1,2,2,1000,1.00E+15,433032,inf,1092855,1000201,0,0,0,0,0,0,0
281,Bandcon,22,56,36,0,1,2,1000,1.00E+15,204900,inf,1173039,1938601,0,0,0,0,0,0,0
282,Canerie,32,82,11,1,2,3,1000,156300,156300,0,79949,90200,1,1,0,0,0,0,0
283,geant,22,72,61,0,1,3,1000,1.00E+15,343865230,inf,1006614,1000147,0,0,0,0,0,0,0
284,random_25_5,25,150,593,1,3,1,1000,1.00E+15,2070507,inf,944840,1001495,0,0,0,0,0,0,0
285,germany50,50,176,73,0,1,1,1000,1.00E+15,7250460,inf,1936371,1000248,0,0,0,0,0,0,0
286,Abvt,23,62,134,0,2,1,1000,1.00E+15,556897,inf,769708,1000195,0,0,0,0,0,0,0
287,random_30_3,30,130,169,1,1,3,1000,1.00E+15,606818,inf,810654,1000391,0,0,0,0,0,0,0
288,random_20_5,20,94,170,1,2,2,1000,1.00E+15,742094,inf,1676347,1000263,0,0,0,0,0,0,0
289,norway,27,102,694,0,3,1,1000,1.00E+15,292412552,inf,1081376,1000838,0,0,0,0,0,0,0
290,Xeex,24,68,130,1,2,1,1000,1.00E+15,694378,inf,927192,1000212,0,0,0,0,0,0,0
291,Canerie,32,82,17,1,3,2,1000,236450,236450,0,104850,153430,1,1,0,0,0,0,0
292,Canerie,32,82,34,1,1,1,1000,1.00E+15,351804,inf,809434,1000139,0,0,0,0,0,0,0
293,germany50,50,176,24,0,2,3,1000,1.00E+15,4284650,inf,807154,1000147,0,0,0,0,0,0,0
294,Bandcon,22,56,24,1,2,3,1000,229400,229400,0,198562,197520,1,1,0,0,0,0,0
295,geant,22,72,61,1,1,3,1000,1.00E+15,329050507,inf,944540,1000152,0,0,0,0,0,0,0
296,random_30_4,30,174,382,1,3,2,1000,1.00E+15,1328216,inf,1385546,1000924,0,0,0,0,0,0,0
297,Bandcon,22,56,24,1,1,3,1000,238450,238450,0,241588,178821,1,1,0,0,0,0,0
298,Quest,20,62,164,0,1,1,1000,1.00E+15,592009,inf,821402,1000217,0,0,0,0,0,0,0
299,random_30_4,30,174,255,1,1,3,1000,1.00E+15,900071,inf,627452,1000725,0,0,0,0,0,0,0
300,Abvt,23,62,67,0,2,2,1000,1.00E+15,418482,inf,705744,1000150,0,0,0,0,0,0,0
301,random_20_5,20,94,113,0,1,3,1000,1.00E+15,338459,inf,1084906,1000237,0,0,0,0,0,0,0
302,random_20_3,20,56,176,1,2,1,1000,1.00E+15,651658,inf,1706214,1000206,0,0,0,0,0,0,0
303,random_30_5,30,216,838,1,2,1,1000,1.00E+15,2076297,inf,2735111,1002036,0,0,0,0,0,0,0
304,HurricaneElectric,24,74,71,0,1,3,1000,1.00E+15,191700,inf,737841,1000161,0,0,0,0,0,0,0
305,Xeex,24,68,43,1,1,3,1000,1.00E+15,362100,inf,952549,1000141,0,0,0,0,0,0,0
306,giul39,39,172,162,0,3,3,1000,1.00E+15,74920,inf,957289,1000345,0,0,0,0,0,0,0
307,random_25_4,25,120,259,1,1,2,1000,1.00E+15,972123,inf,1861398,1000475,0,0,0,0,0,0,0
308,nobel-eu,28,82,25,0,3,1,1000,2146000,2146000,0,221895,181020,1,1,0,0,0,0,0
309,Canerie,32,82,17,0,2,2,1000,172750,172750,0,107823,91018,1,1,0,0,0,0,0
310,nobel-eu,28,82,25,1,3,1,1000,1.00E+15,2146570,inf,713506,1000023,0,0,0,0,0,0,0
311,Bandcon,22,56,36,0,2,2,1000,196700,196700,0,119494,91092,1,1,0,0,0,0,0
312,Ibm,18,48,52,1,1,2,1000,1.00E+15,378619,inf,618923,1000137,0,0,0,0,0,0,0
313,giul39,39,172,487,0,1,1,1000,1.00E+15,207662,inf,1671317,1000977,0,0,0,0,0,0,0
314,Canerie,32,82,11,1,3,3,1000,153800,153800,0,122206,84151,1,1,0,0,0,0,0
315,Goodnet,17,62,69,1,2,2,1000,1.00E+15,318421,inf,1992515,1000155,0,0,0,0,0,0,0
316,geant,22,72,91,0,2,2,1000,1.00E+15,405687745,inf,1691545,1000165,0,0,0,0,0,0,0
317,france,25,90,81,0,2,1,1000,1.00E+15,12789636,inf,947040,1000197,0,0,0,0,0,0,0
318,Goodnet,17,62,46,1,2,3,1000,1.00E+15,207887,inf,2527032,1000141,0,0,0,0,0,0,0
319,janos-us-ca,39,122,14,0,1,3,1000,1.00E+15,5964562,inf,961388,1000130,0,0,0,0,0,0,0
320,Goodnet,17,62,69,0,2,2,1000,1.00E+15,228275,inf,508264,1000156,0,0,0,0,0,0,0
321,random_20_4,20,76,122,1,3,2,1000,1.00E+15,428954,inf,1648250,1000221,0,0,0,0,0,0,0
322,Rediris,19,63,107,0,3,2,1000,1.00E+15,211646,inf,2404534,1000184,0,0,0,0,0,0,0
323,zib54,54,161,140,1,1,3,1000,1.00E+15,11190967234,inf,456539,1000368,0,0,0,0,0,0,0
324,random_30_4,30,174,382,0,1,2,1000,1.00E+15,869256,inf,1089326,1000867,0,0,0,0,0,0,0
325,random_25_3,25,90,317,1,3,1,1000,1.00E+15,1203605,inf,632521,1000399,0,0,0,0,0,0,0
326,ta1,24,106,272,1,2,1,1000,1.00E+15,6.91E+12,inf,1129102,1000440,0,0,0,0,0,0,0
327,cost266,37,114,78,2,0,2,1000,1.00E+15,10482998848,inf,1491385,1000591,0,0,0,0,0,0,0
328,zib54,54,161,210,1,3,2,1000,1.00E+15,13794562185,inf,1516833,1000479,0,0,0,0,0,0,0
329,random_30_3,30,130,508,1,1,1,1000,1.00E+15,1862084,inf,921612,1000974,0,0,0,0,0,0,0
330,random_25_3,25,90,105,1,3,3,1000,1.00E+15,554616,inf,1395825,1000205,0,0,0,0,0,0,0
331,norway,27,102,347,0,2,2,1000,1.00E+15,145564820,inf,797155,1000521,0,0,0,0,0,0,0
332,norway,27,102,347,1,3,2,1000,1.00E+15,137564230,inf,859849,1000484,0,0,0,0,0,0,0
333,HurricaneElectric,24,74,71,1,1,3,1000,1.00E+15,295767,inf,831931,1000164,0,0,0,0,0,0,0
334,random_20_5,20,94,170,1,3,2,1000,1.00E+15,735703,inf,1456669,1000281,0,0,0,0,0,0,0
335,random_20_4,20,76,245,0,2,1,1000,1.00E+15,558240,inf,1297485,1000378,0,0,0,0,0,0,0
336,Abvt,23,62,44,1,3,3,1000,386200,386200,0,115853,74515,1,1,0,0,0,0,0
337,geant,22,72,61,0,2,3,1000,1.00E+15,336456321,inf,2037781,1000150,0,0,0,0,0,0,0
338,Ibm,18,48,35,0,3,3,1000,183750,183750,0,758570,420060,1,1,0,0,0,0,0
339,random_30_5,30,216,419,1,1,2,1000,1.00E+15,1044031,inf,328232,1001052,0,0,0,0,0,0,0
340,Evolink,37,90,32,0,1,2,1000,1.00E+15,203854,inf,2443820,1000138,0,0,0,0,0,0,0
341,Quest,20,62,54,0,1,3,1000,1.00E+15,276370,inf,1628422,1000144,0,0,0,0,0,0,0
342,Rediris,19,63,107,1,3,2,1000,1.00E+15,336485,inf,968638,1000188,0,0,0,0,0,0,0
343,norway,27,102,694,1,3,1,1000,1.00E+15,285642350,inf,1378597,1000967,0,0,0,0,0,0,0
344,random_20_3,20,56,58,1,2,3,1000,1.00E+15,288002,inf,1231791,1000146,0,0,0,0,0,0,0
345,Abvt,23,62,134,0,3,1,1000,1.00E+15,564279,inf,830532,1000208,0,0,0,0,0,0,0
346,HurricaneElectric,24,74,107,1,3,2,1000,1.00E+15,369071,inf,1451939,1000189,0,0,0,0,0,0,0
347,ta1,24,106,90,1,3,3,1000,1.00E+15,4.47E+12,inf,1452139,1000201,0,0,0,0,0,0,0
348,random_30_3,30,130,254,0,3,2,1000,1.00E+15,661543,inf,814583,1000432,0,0,0,0,0,0,0
349,giul39,39,172,162,1,2,3,1000,1.00E+15,76452,inf,1124402,1000380,0,0,0,0,0,0,0
350,ta1,24,106,136,1,1,2,1000,1.00E+15,5.41E+12,inf,1142450,1000264,0,0,0,0,0,0,0
351,sun,27,102,46,1,2,2,1000,1.00E+15,13065,inf,1658669,1000160,0,0,0,0,0,0,0
352,Goodnet,17,62,69,1,1,2,1000,1.00E+15,327044,inf,1281356,1000159,0,0,0,0,0,0,0
353,HurricaneElectric,24,74,215,1,3,1,1000,1.00E+15,632242,inf,1134901,1000289,0,0,0,0,0,0,0
354,random_30_3,30,130,254,1,3,2,1000,1.00E+15,948251,inf,1593755,1000465,0,0,0,0,0,0,0
355,random_25_5,25,150,197,1,1,3,1000,1.00E+15,673109,inf,490766,1000427,0,0,0,0,0,0,0
356,france,25,90,27,0,2,3,1000,1.00E+15,7964200,inf,2298855,1000139,0,0,0,0,0,0,0
357,sun,27,102,92,1,1,1,1000,1.00E+15,20216,inf,1411393,1000195,0,0,0,0,0,0,0
358,nobel-eu,28,82,8,0,2,3,1000,1009540,1009540,0,423607,475927,1,1,0,0,0,0,0
359,giul39,39,172,162,1,1,3,1000,1.00E+15,78268,inf,1836031,1000341,0,0,0,0,0,0,0
360,Evolink,37,90,32,1,3,2,1000,269500,269500,0,185901,120670,1,1,0,0,0,0,0
361,france,25,90,40,0,2,2,1000,1.00E+15,9765860,inf,2181996,1000139,0,0,0,0,0,0,0
362,HurricaneElectric,24,74,107,0,2,2,1000,1.00E+15,244000,inf,581926,1000183,0,0,0,0,0,0,0
363,Rediris,19,63,107,0,1,2,1000,1.00E+15,241784,inf,914143,1000170,0,0,0,0,0,0,0
364,Abvt,23,62,67,1,1,2,1000,1.00E+15,621363,inf,2340851,1000149,0,0,0,0,0,0,0
365,random_20_5,20,94,341,1,2,1,1000,1.00E+15,1307218,inf,387196,1000459,0,0,0,0,0,0,0
366,Bandcon,22,56,24,1,3,3,1000,217850,217850,0,173077,61482,1,1,0,0,0,0,0
367,random_25_5,25,150,296,0,2,2,1000,1.00E+15,681101,inf,1731261,1000561,0,0,0,0,0,0,0
368,germany50,50,176,36,1,3,2,1000,1.00E+15,5168225,inf,1791685,1000169,0,0,0,0,0,0,0
369,random_25_4,25,120,259,0,2,2,1000,1.00E+15,612456,inf,1952389,1000448,0,0,0,0,0,0,0
370,germany50,50,176,73,0,3,1,1000,1.00E+15,6985233,inf,551030,1000231,0,0,0,0,0,0,0
371,giul39,39,172,487,0,3,1,1000,1.00E+15,200651,inf,2371347,1000933,0,0,0,0,0,0,0
372,random_25_3,25,90,158,0,2,2,1000,1.00E+15,525675,inf,1831401,1000269,0,0,0,0,0,0,0
373,Ibm,18,48,35,1,1,3,1000,1.00E+15,274440,inf,471437,1000128,0,0,0,0,0,0,0
374,random_20_4,20,76,81,1,1,3,1000,1.00E+15,320331,inf,2059129,1000178,0,0,0,0,0,0,0
375,sun,27,102,30,1,1,3,1000,1.00E+15,10075,inf,1819883,1000137,0,0,0,0,0,0,0
376,Ibm,18,48,35,0,2,3,1000,187250,187250,0,90475,57996,1,1,0,0,0,0,0
377,norway,27,102,231,0,1,3,1000,1.00E+15,100808500,inf,342400,1000359,0,0,0,0,0,0,0
378,Bandcon,22,56,73,1,2,1,1000,1.00E+15,482850,inf,2288306,1061133,0,0,0,0,0,0,0
379,Quest,20,62,82,1,2,2,1000,1.00E+15,489847,inf,2113723,1000164,0,0,0,0,0,0,0
380,random_25_3,25,90,105,1,2,3,1000,1.00E+15,558715,inf,1782286,1000217,0,0,0,0,0,0,0
381,Evolink,37,90,21,0,2,3,1000,113650,113650,0,65886,89019,1,1,0,0,0,0,0
382,Rediris,19,63,71,0,1,3,1000,1.00E+15,171724,inf,2544230,1000156,0,0,0,0,0,0,0
383,random_20_3,20,56,58,0,3,3,1000,178450,178450,0,189364,415142,1,1,0,0,0,0,0
384,janos-us-ca,39,122,14,1,2,3,1000,1.00E+15,5864520,inf,517633,1000125,0,0,0,0,0,0,0
385,Goodnet,17,62,139,1,3,1,1000,1.00E+15,507865,inf,2287886,1000185,0,0,0,0,0,0,0
386,france,25,90,81,1,2,1,1000,1.00E+15,12564850,inf,2277887,1000189,0,0,0,0,0,0,0
387,sun,27,102,92,1,2,1,1000,1.00E+15,18881,inf,2131421,1000195,0,0,0,0,0,0,0
388,Quest,20,62,164,0,3,1,1000,1.00E+15,525693,inf,986136,1000225,0,0,0,0,0,0,0
389,giul39,39,172,243,0,2,2,1000,1.00E+15,117110,inf,1501714,1000480,0,0,0,0,0,0,0
390,random_25_3,25,90,105,1,1,3,1000,1.00E+15,575180,inf,1105454,1000215,0,0,0,0,0,0,0
391,random_20_3,20,56,58,0,1,3,1000,1.00E+15,179561,inf,881896,1000145,0,0,0,0,0,0,0
392,HurricaneElectric,24,74,107,0,3,2,1000,1.00E+15,240500,inf,469338,1018155,0,0,0,0,0,0,0
393,Xeex,24,68,65,1,2,2,1000,1.00E+15,465639,inf,1772737,1000154,0,0,0,0,0,0,0
394,germany50,50,176,36,1,1,2,1000,1.00E+15,5635602,inf,1945320,1000164,0,0,0,0,0,0,0
395,cost266,37,114,156,3,1,1,1000,1.00E+15,13328575564,inf,2130572,1000675,0,0,0,0,0,0,0
396,Rediris,19,63,214,1,3,1,1000,1.00E+15,682533,inf,1980367,1000254,0,0,0,0,0,0,0
397,random_20_3,20,56,176,0,2,1,1000,1.00E+15,426534,inf,2211863,1000230,0,0,0,0,0,0,0
398,Ibm,18,48,105,0,2,1,1000,1.00E+15,405511,inf,313052,1000165,0,0,0,0,0,0,0
399,HurricaneElectric,24,74,215,0,1,1,1000,1.00E+15,400553,inf,1774507,1000270,0,0,0,0,0,0,0
400,Abvt,23,62,67,1,3,2,1000,1.00E+15,610330,inf,706694,1000159,0,0,0,0,0,0,0
401,Evolink,37,90,32,0,3,2,1000,163100,163100,0,184056,96006,1,1,0,0,0,0,0
402,Quest,20,62,164,0,2,1,1000,1.00E+15,581570,inf,985836,1000210,0,0,0,0,0,0,0
403,geant,22,72,91,0,1,2,1000,1.00E+15,425578560,inf,2296935,1000183,0,0,0,0,0,0,0
404,france,25,90,40,1,3,2,1000,8995555,8995555,0,1227390,595958,1,1,0,0,0,0,0
405,Ibm,18,48,52,0,2,2,1000,248150,248150,0,95905,65870,1,1,0,0,0,0,0
406,Ibm,18,48,52,0,3,2,1000,244650,244650,0,177177,126500,1,1,0,0,0,0,0
407,ta1,24,106,136,1,3,2,1000,1.00E+15,5.33E+12,inf,1877977,1000265,0,0,0,0,0,0,0
408,sun,27,102,46,1,1,2,1000,1.00E+15,13046,inf,2511883,1000155,0,0,0,0,0,0,0
409,sun,27,102,46,0,2,2,1000,1.00E+15,12336,inf,731391,1000155,0,0,0,0,0,0,0
410,germany50,50,176,24,1,1,3,1000,1.00E+15,4354782,inf,1996185,1000157,0,0,0,0,0,0,0
411,Evolink,37,90,21,1,2,3,1000,190750,190750,0,113207,99010,1,1,0,0,0,0,0
412,Canerie,32,82,34,1,2,1,1000,1.00E+15,350427,inf,2101624,1000138,0,0,0,0,0,0,0
413,random_20_4,20,76,245,1,2,1,1000,1.00E+15,825159,inf,508934,1000320,0,0,0,0,0,0,0
414,random_20_3,20,56,58,1,3,3,1000,263900,263900,0,172925,411040,1,1,0,0,0,0,0
415,janos-us-ca,39,122,44,0,1,1,1000,1.00E+15,10254620,inf,1854849,1000159,0,0,0,0,0,0,0
416,random_30_3,30,130,508,0,3,1,1000,1.00E+15,1192316,inf,2032331,1000963,0,0,0,0,0,0,0
417,random_30_3,30,130,254,0,1,2,1000,1.00E+15,658874,inf,821902,1000463,0,0,0,0,0,0,0
418,Quest,20,62,82,0,1,2,1000,1.00E+15,370540,inf,332051,1000154,0,0,0,0,0,0,0
419,sun,27,102,30,0,1,3,1000,1.00E+15,9963,inf,1257159,1000140,0,0,0,0,0,0,0
420,random_30_3,30,130,254,1,2,2,1000,1.00E+15,960300,inf,1921442,1000569,0,0,0,0,0,0,0
421,random_20_5,20,94,113,1,1,3,1000,1.00E+15,516840,inf,2142770,1000211,0,0,0,0,0,0,0
422,random_25_4,25,120,259,0,1,2,1000,1.00E+15,615966,inf,843850,1000445,0,0,0,0,0,0,0
423,Canerie,32,82,11,0,2,3,1000,117850,117850,0,82054,48799,1,1,0,0,0,0,0
424,random_25_4,25,120,259,1,2,2,1000,1.00E+15,961458,inf,948370,1000483,0,0,0,0,0,0,0
425,random_30_3,30,130,254,1,1,2,1000,1.00E+15,971399,inf,788136,1000466,0,0,0,0,0,0,0
426,random_30_3,30,130,254,0,2,2,1000,1.00E+15,635692,inf,2463888,1000444,0,0,0,0,0,0,0
427,cost266,37,114,52,3,0,3,1000,1.00E+15,8263170726,inf,1951169,1000590,0,0,0,0,0,0,0
428,Goodnet,17,62,139,0,3,1,1000,1.00E+15,356016,inf,910124,1000195,0,0,0,0,0,0,0
429,Goodnet,17,62,46,0,3,3,1000,1.00E+15,142019,inf,2022612,1000136,0,0,0,0,0,0,0
430,random_30_5,30,216,419,1,3,2,1000,1.00E+15,1033396,inf,329352,1001044,0,0,0,0,0,0,0
431,geant,22,72,183,1,1,1,1000,1.00E+15,515623870,inf,613023,1000231,0,0,0,0,0,0,0
432,zib54,54,161,140,0,2,3,1000,1.00E+15,11079102223,inf,1631651,1000344,0,0,0,0,0,0,0
433,Goodnet,17,62,69,0,1,2,1000,1.00E+15,230794,inf,1546410,1000150,0,0,0,0,0,0,0
434,Ibm,18,48,52,1,3,2,1000,338900,338900,0,121506,89700,1,1,0,0,0,0,0
435,cost266,37,114,156,1,0,1,1000,1.00E+15,14485021235,inf,1828032,1000675,0,0,0,0,0,0,0
436,random_20_4,20,76,122,0,2,2,1000,1.00E+15,297202,inf,2123822,1000194,0,0,0,0,0,0,0
437,random_30_4,30,174,255,0,1,3,1000,1.00E+15,592100,inf,1631121,1000638,0,0,0,0,0,0,0
438,random_25_5,25,150,296,1,1,2,1000,1.00E+15,1062179,inf,1613823,1000568,0,0,0,0,0,0,0
439,cost266,37,114,78,3,1,2,1000,1.00E+15,10245117009,inf,2372047,1000592,0,0,0,0,0,0,0
440,Xeex,24,68,43,1,2,3,1000,1.00E+15,354371,inf,742040,1000139,0,0,0,0,0,0,0
441,france,25,90,27,1,1,3,1000,1.00E+15,8164850,inf,1617523,1000130,0,0,0,0,0,0,0
442,ta1,24,106,90,0,3,3,1000,1.00E+15,4.46E+12,inf,2305014,1000206,0,0,0,0,0,0,0
443,nobel-eu,28,82,8,1,2,3,1000,1009814,1009814,0,83226,16148,1,1,0,0,0,0,0
444,random_30_5,30,216,419,1,2,2,1000,1.00E+15,1037001,inf,2360399,1001012,0,0,0,0,0,0,0
445,giul39,39,172,487,1,3,1,1000,1.00E+15,201565,inf,1779387,1000852,0,0,0,0,0,0,0
446,nobel-eu,28,82,8,0,1,3,1000,1124420,1124420,0,96430,55234,1,1,0,0,0,0,0
447,random_30_3,30,130,169,0,2,3,1000,1.00E+15,403568,inf,1688566,1000350,0,0,0,0,0,0,0
448,random_25_5,25,150,296,0,1,2,1000,1.00E+15,656890,inf,1478637,1000623,0,0,0,0,0,0,0
449,sun,27,102,46,1,3,2,1000,16348,13204,0.238109,906294,1000169,1,0,0,0,0,0,0
450,nobel-eu,28,82,25,1,1,1,1000,1.00E+15,2214566,inf,1571407,1000131,0,0,0,0,0,0,0
451,random_30_5,30,216,279,0,2,3,1000,1.00E+15,405741,inf,1721492,1000716,0,0,0,0,0,0,0
452,cost266,37,114,52,3,1,3,1000,1.00E+15,8240673710,inf,962388,1000559,0,0,0,0,0,0,0
453,Evolink,37,90,32,1,1,2,1000,1.00E+15,336584,inf,1756159,1000141,0,0,0,0,0,0,0
454,germany50,50,176,24,0,3,3,1000,1.00E+15,4156380,inf,782686,1000146,0,0,0,0,0,0,0
455,Goodnet,17,62,69,0,3,2,1000,1.00E+15,223585,inf,2211363,1000159,0,0,0,0,0,0,0
456,Rediris,19,63,107,1,1,2,1000,1.00E+15,379163,inf,331051,1000175,0,0,0,0,0,0,0
457,Bandcon,22,56,73,0,1,1,1000,1.00E+15,361369,inf,2573577,1000148,0,0,0,0,0,0,0
458,sun,27,102,92,0,3,1,1000,1.00E+15,17964,inf,1028862,1000213,0,0,0,0,0,0,0
459,Quest,20,62,54,0,2,3,1000,1.00E+15,284080,inf,2309634,1000145,0,0,0,0,0,0,0
460,random_30_5,30,216,279,1,2,3,1000,1.00E+15,669145,inf,1577007,1000702,0,0,0,0,0,0,0
461,Bandcon,22,56,24,0,3,3,1000,150450,150450,0,71777,49600,1,1,0,0,0,0,0
462,random_25_4,25,120,173,0,1,3,1000,1.00E+15,425896,inf,1429692,1000344,0,0,0,0,0,0,0
463,random_20_5,20,94,341,0,3,1,1000,1.00E+15,856200,inf,1631901,1000455,0,0,0,0,0,0,0
464,HurricaneElectric,24,74,107,0,1,2,1000,1.00E+15,238542,inf,550110,1000186,0,0,0,0,0,0,0
465,janos-us-ca,39,122,22,0,1,2,1000,1.00E+15,7599086,inf,2166998,1000137,0,0,0,0,0,0,0
466,cost266,37,114,78,1,0,2,1000,1.00E+15,11076945873,inf,423452,1000587,0,0,0,0,0,0,0
467,Quest,20,62,54,1,1,3,1000,1.00E+15,374250,inf,843410,1000144,0,0,0,0,0,0,0
468,Xeex,24,68,130,0,3,1,1000,1.00E+15,515385,inf,2365498,1000215,0,0,0,0,0,0,0
469,random_20_3,20,56,88,1,1,2,1000,1.00E+15,398114,inf,1851279,1000155,0,0,0,0,0,0,0
470,sun,27,102,30,1,2,3,1000,12148,10582,0.147987,2062528,1000139,1,0,0,0,0,0,0
471,Evolink,37,90,32,0,2,2,1000,1.00E+15,165500,inf,1343080,1000002,0,0,0,0,0,0,0
472,Canerie,32,82,11,0,1,3,1000,118350,118350,0,153484,86976,1,1,0,0,0,0,0
473,germany50,50,176,24,1,2,3,1000,1.00E+15,4255653,inf,1780487,1000149,0,0,0,0,0,0,0
474,random_25_5,25,150,593,1,2,1,1000,1.00E+15,2079134,inf,1811183,1001387,0,0,0,0,0,0,0
475,Xeex,24,68,65,0,1,2,1000,1.00E+15,362483,inf,1583026,1000151,0,0,0,0,0,0,0
476,Evolink,37,90,64,1,1,1,1000,1.00E+15,373631,inf,1780787,1000162,0,0,0,0,0,0,0
477,giul39,39,172,243,1,3,2,1000,1.00E+15,120564,inf,2254959,1000487,0,0,0,0,0,0,0
478,Bandcon,22,56,24,0,2,3,1000,156750,156750,0,322722,255700,1,1,0,0,0,0,0
479,random_20_5,20,94,170,0,2,2,1000,1.00E+15,512650,inf,2230462,1000284,0,0,0,0,0,0,0
480,norway,27,102,231,0,2,3,1000,1.00E+15,99548323,inf,2347630,1000332,0,0,0,0,0,0,0
481,random_25_5,25,150,593,0,1,1,1000,1.00E+15,1315424,inf,1471437,1001124,0,0,0,0,0,0,0
482,random_25_5,25,150,593,0,3,1,1000,1.00E+15,1336552,inf,736031,1001212,0,0,0,0,0,0,0
483,random_25_4,25,120,173,1,1,3,1000,1.00E+15,695098,inf,783436,1000351,0,0,0,0,0,0,0
484,Bandcon,22,56,36,0,3,2,1000,190350,190350,0,233120,170600,1,1,0,0,0,0,0
485,ta1,24,106,272,0,1,1,1000,1.00E+15,6.97E+12,inf,1911523,1000388,0,0,0,0,0,0,0
486,geant,22,72,183,0,2,1,1000,1.00E+15,501458632,inf,2481366,1000250,0,0,0,0,0,0,0
487,Evolink,37,90,64,1,3,1,1000,1.00E+15,343550,inf,1533890,1006117,0,0,0,0,0,0,0
488,zib54,54,161,420,1,2,1,1000,1.00E+15,21007268268,inf,909024,1000873,0,0,0,0,0,0,0
489,random_20_4,20,76,122,0,1,2,1000,1.00E+15,302567,inf,2286536,1000211,0,0,0,0,0,0,0
490,Goodnet,17,62,46,1,1,3,1000,1.00E+15,211505,inf,2505864,1000140,0,0,0,0,0,0,0
491,cost266,37,114,52,1,0,3,1000,1.00E+15,8982759291,inf,1826532,1000561,0,0,0,0,0,0,0
492,france,25,90,27,0,3,3,1000,7207200,7207200,0,191405,144519,1,1,0,0,0,0,0
493,Xeex,24,68,43,0,2,3,1000,1.00E+15,278317,inf,2347450,1000137,0,0,0,0,0,0,0
494,Abvt,23,62,67,0,1,2,1000,1.00E+15,427751,inf,2268238,1000167,0,0,0,0,0,0,0
495,cost266,37,114,78,1,1,2,1000,1.00E+15,11029376527,inf,2382446,1000590,0,0,0,0,0,0,0
496,nobel-eu,28,82,12,0,1,2,1000,1396560,1396560,0,116913,82572,1,1,0,0,0,0,0
497,random_25_4,25,120,519,0,2,1,1000,1.00E+15,1126894,inf,1604824,1000846,0,0,0,0,0,0,0
498,nobel-eu,28,82,12,0,3,2,1000,1256200,1256200,0,82474,39231,1,1,0,0,0,0,0
499,Ibm,18,48,35,0,1,3,1000,1.00E+15,205182,inf,901394,1000131,0,0,0,0,0,0,0
500,giul39,39,172,243,1,1,2,1000,1.00E+15,118460,inf,2514913,1000470,0,0,0,0,0,0,0
501,random_20_5,20,94,170,1,1,2,1000,1.00E+15,762589,inf,416493,1000322,0,0,0,0,0,0,0
502,Ibm,18,48,105,0,3,1,1000,1.00E+15,403650,inf,2008182,1000423,0,0,0,0,0,0,0
503,Abvt,23,62,134,1,2,1,1000,1.00E+15,865823,inf,2051129,1000195,0,0,0,0,0,0,0
504,random_25_3,25,90,158,0,3,2,1000,1.00E+15,525212,inf,2147620,1000259,0,0,0,0,0,0,0
505,geant,22,72,91,1,3,2,1000,1.00E+15,392201250,inf,330882,1000172,0,0,0,0,0,0,0
506,ta1,24,106,272,1,1,1,1000,1.00E+15,6.96E+12,inf,2139321,1000392,0,0,0,0,0,0,0
507,Rediris,19,63,107,1,2,2,1000,1.00E+15,367947,inf,928842,1000187,0,0,0,0,0,0,0
508,random_20_5,20,94,341,1,1,1,1000,1.00E+15,1338379,inf,2244510,1000504,0,0,0,0,0,0,0
509,janos-us-ca,39,122,14,1,3,3,1000,1.00E+15,5755462,inf,1602554,1000128,0,0,0,0,0,0,0
510,germany50,50,176,36,0,3,2,1000,1.00E+15,5256845,inf,803784,1000165,0,0,0,0,0,0,0
511,random_20_5,20,94,113,0,3,3,1000,1.00E+15,336700,inf,2470238,1000220,0,0,0,0,0,0,0
512,Bandcon,22,56,73,0,2,1,1000,1.00E+15,335000,inf,1522262,1000220,0,0,0,0,0,0,0
513,giul39,39,172,487,1,2,1,1000,1.00E+15,209520,inf,1704814,1000904,0,0,0,0,0,0,0
514,france,25,90,81,1,3,1,1000,1.00E+15,11456230,inf,1430772,1000187,0,0,0,0,0,0,0
515,random_20_5,20,94,341,0,2,1,1000,1.00E+15,865890,inf,1520563,1000456,0,0,0,0,0,0,0
516,norway,27,102,347,0,1,2,1000,1.00E+15,148006226,inf,598675,1000419,0,0,0,0,0,0,0
517,random_20_3,20,56,58,1,1,3,1000,1.00E+15,282556,inf,1006034,1000144,0,0,0,0,0,0,0
518,Rediris,19,63,214,1,2,1,1000,1.00E+15,703532,inf,1456939,1000247,0,0,0,0,0,0,0
519,germany50,50,176,24,1,3,3,1000,1.00E+15,4056232,inf,2577977,1000148,0,0,0,0,0,0,0
520,Rediris,19,63,71,1,1,3,1000,1.00E+15,264738,inf,730740,1000161,0,0,0,0,0,0,0
521,zib54,54,161,210,0,3,2,1000,1.00E+15,14801762479,inf,859349,1000441,0,0,0,0,0,0,0
522,Canerie,32,82,34,1,3,1,1000,1.00E+15,347300,inf,1053669,1000441,0,0,0,0,0,0,0
523,ta1,24,106,272,0,2,1,1000,1.00E+15,6.91E+12,inf,1929342,1000376,0,0,0,0,0,0,0
524,random_25_5,25,150,593,1,1,1,1000,1.00E+15,2113571,inf,1881366,1001133,0,0,0,0,0,0,0
525,random_30_4,30,174,382,0,3,2,1000,1.00E+15,845632,inf,1431491,1000930,0,0,0,0,0,0,0
526,zib54,54,161,210,1,1,2,1000,1.00E+15,15000935120,inf,612893,1000459,0,0,0,0,0,0,0
527,Xeex,24,68,65,1,1,2,1000,1.00E+15,461148,inf,1897675,1000152,0,0,0,0,0,0,0
528,zib54,54,161,210,1,2,2,1000,1.00E+15,14068491200,inf,2111523,1000467,0,0,0,0,0,0,0
529,nobel-eu,28,82,12,0,2,2,1000,1269380,1269380,0,144066,96951,1,1,0,0,0,0,0
530,giul39,39,172,487,1,1,1,1000,1.00E+15,205623,inf,2730472,1000855,0,0,0,0,0,0,0
531,random_20_3,20,56,88,1,3,2,1000,377150,377150,0,259179,601429,1,1,0,0,0,0,0
532,random_30_4,30,174,255,0,2,3,1000,1.00E+15,586525,inf,1241140,1000561,0,0,0,0,0,0,0
533,random_20_3,20,56,88,0,3,2,1000,256050,256050,0,332190,838088,1,1,0,0,0,0,0
534,janos-us-ca,39,122,44,0,2,1,1000,1.00E+15,10365125,inf,2526982,1000155,0,0,0,0,0,0,0
535,norway,27,102,694,1,2,1,1000,1.00E+15,278485623,inf,1639421,1000773,0,0,0,0,0,0,0
536,cost266,37,114,78,2,1,2,1000,1.00E+15,10509609793,inf,2298985,1000591,0,0,0,0,0,0,0
537,germany50,50,176,73,1,3,1,1000,1.00E+15,6485655,inf,939841,1000224,0,0,0,0,0,0,0
538,zib54,54,161,210,0,2,2,1000,1.00E+15,14878517399,inf,1027812,1000482,0,0,0,0,0,0,0
539,nobel-eu,28,82,8,1,1,3,1000,1.00E+15,1124694,inf,756320,1000420,0,0,0,0,0,0,0
