,topology,nb_nodes,nb_links,nb_demands,sec_cost,nb_demands_ratio,delay_difference_UB,algo,UB,LB,optGap,nodes_evaluated,runtime,feasibility,optimality,thrCallPH,nb_cuts,nb_cols,nb_PHs,nb_lift
0,sun,27,102,92,1,3,1,1001,23647,23647,0,0,409,1,0,0,0,0,0,0
1,Quest,20,62,164,1,3,1,1001,950450,950450,0,0,1095,1,0,0,0,0,0,0
2,janos-us-ca,39,122,22,0,2,2,1001,7687695,7687695,0,0,373,1,0,0,0,0,0,0
3,Quest,20,62,164,1,2,1,1001,1017500,1017500,0,0,1308,1,0,0,0,0,0,0
4,ta1,24,106,90,1,1,3,1001,6.24237E+12,6.24237E+12,0,0,995,1,0,0,0,0,0,0
5,Canerie,32,82,34,0,3,1,1001,406400,406400,0,0,337,1,0,0,0,0,0,0
6,random_20_3,20,56,176,0,3,1,1001,552300,552300,0,0,531,1,0,0,0,0,0,0
7,random_25_4,25,120,173,1,3,3,1001,946650,946650,0,0,2037,1,0,0,0,0,0,0
8,Rediris,19,63,71,1,3,3,1001,326350,326350,0,0,327,1,0,0,0,0,0,0
9,Quest,20,62,54,1,2,3,1001,478650,478650,0,0,564,1,0,0,0,0,0,0
10,random_25_3,25,90,105,0,1,3,1001,678700,678700,0,0,1621,1,0,0,0,0,0,0
11,random_30_3,30,130,508,1,3,1,1001,2433550,2433550,0,0,5087,1,0,0,0,0,0,0
12,giul39,39,172,243,0,3,2,1001,141814,141814,0,0,2773,1,0,0,0,0,0,0
13,france,25,90,40,0,3,2,1001,10120600,10120600,0,0,160,1,0,0,0,0,0,0
14,norway,27,102,694,0,2,1,1001,389167930,389167930,0,0,8994,1,0,0,0,0,0,0
15,random_30_3,30,130,169,0,1,3,1001,675300,675300,0,0,3260,1,0,0,0,0,0,0
16,zib54,54,161,420,0,3,1,1001,32396173669,32396173669,0,0,7939,1,0,0,0,0,0,0
17,random_25_3,25,90,317,0,3,1,1001,1229500,1229500,0,0,2116,1,0,0,0,0,0,0
18,geant,22,72,91,1,1,2,1001,515114350,515114350,0,0,916,1,0,0,0,0,0,0
19,random_25_3,25,90,158,1,2,2,1001,1060850,1060850,0,0,1438,1,0,0,0,0,0,0
20,sun,27,102,92,0,2,1,1001,21870,21870,0,0,469,1,0,0,0,0,0,0
21,random_25_4,25,120,519,1,1,1,1001,2652050,2652050,0,0,8796,1,0,0,0,0,0,0
22,Evolink,37,90,21,1,1,3,1001,316150,316150,0,0,236,1,0,0,0,0,0,0
23,random_30_5,30,216,279,0,3,3,1001,689600,689600,0,0,2645,1,0,0,0,0,0,0
24,geant,22,72,91,0,3,2,1001,450267331,450267331,0,0,464,1,0,0,0,0,0,0
25,Canerie,32,82,34,0,1,1,1001,404300,404300,0,0,719,1,0,0,0,0,0,0
26,random_30_3,30,130,169,0,3,3,1001,618850,618850,0,0,1483,1,0,0,0,0,0,0
27,Xeex,24,68,65,0,2,2,1001,546850,546850,0,0,372,1,0,0,0,0,0,0
28,Xeex,24,68,65,1,3,2,1001,667400,667400,0,0,262,1,0,0,0,0,0,0
29,zib54,54,161,210,0,1,2,1001,24334606405,24334606405,0,0,7767,1,0,0,0,0,0,0
30,random_30_4,30,174,382,1,1,2,1001,1866650,1866650,0,0,8710,1,0,0,0,0,0,0
31,random_20_5,20,94,113,1,3,3,1001,685400,685400,0,0,864,1,0,0,0,0,0,0
32,giul39,39,172,243,1,2,2,1001,153165,153165,0,0,3472,1,0,0,0,0,0,0
33,Abvt,23,62,67,0,3,2,1001,606850,606850,0,0,507,1,0,0,0,0,0,0
34,janos-us-ca,39,122,44,1,2,1,1001,10080613,10080613,0,0,632,1,0,0,0,0,0,0
35,Quest,20,62,164,1,1,1,1001,1014600,1014600,0,0,1946,1,0,0,0,0,0,0
36,Xeex,24,68,130,0,1,1,1001,829000,829000,0,0,816,1,0,0,0,0,0,0
37,geant,22,72,61,1,3,3,1001,364783090,364783090,0,0,349,1,0,0,0,0,0,0
38,random_20_3,20,56,58,0,2,3,1001,246600,246600,0,0,224,1,0,0,0,0,0,0
39,random_20_3,20,56,176,0,1,1,1001,622650,622650,0,0,1131,1,0,0,0,0,0,0
40,random_30_4,30,174,765,1,2,1,1001,3500000,3500000,0,0,11568,1,0,0,0,0,0,0
41,random_30_5,30,216,838,0,3,1,1001,2188400,2188400,0,0,8436,1,0,0,0,0,0,0
42,janos-us-ca,39,122,22,1,2,2,1001,7714838,7714838,0,0,376,1,0,0,0,0,0,0
43,zib54,54,161,420,0,2,1,1001,32763215997,32763215997,0,0,9199,1,0,0,0,0,0,0
44,random_30_3,30,130,169,1,2,3,1001,827850,827850,0,0,1972,1,0,0,0,0,0,0
45,Bandcon,22,56,36,1,1,2,1001,404400,404400,0,0,437,1,0,0,0,0,0,0
46,random_30_3,30,130,169,1,3,3,1001,805300,805300,0,0,1532,1,0,0,0,0,0,0
47,Canerie,32,82,17,0,1,2,1001,267050,267050,0,0,355,1,0,0,0,0,0,0
48,HurricaneElectric,24,74,215,1,2,1,1001,998550,998550,0,0,1256,1,0,0,0,0,0,0
49,zib54,54,161,420,1,3,1,1001,32396268110,32396268110,0,0,7932,1,0,0,0,0,0,0
50,random_30_5,30,216,279,0,1,3,1001,753300,753300,0,0,5692,1,0,0,0,0,0,0
51,Abvt,23,62,44,0,1,3,1001,387050,387050,0,0,447,1,0,0,0,0,0,0
52,random_30_5,30,216,838,1,1,1,1001,3179800,3179800,0,0,16447,1,0,0,0,0,0,0
53,sun,27,102,30,0,3,3,1001,12174,12174,0,0,200,1,0,0,0,0,0,0
54,HurricaneElectric,24,74,107,1,1,2,1001,649750,649750,0,0,953,1,0,0,0,0,0,0
55,Rediris,19,63,71,0,2,3,1001,266350,266350,0,0,388,1,0,0,0,0,0,0
56,cost266,37,114,52,1,1,3,1001,10963522227,10963522227,0,0,1132,1,0,0,0,0,0,0
57,random_20_4,20,76,81,0,1,3,1001,360850,360850,0,0,695,1,0,0,0,0,0,0
58,random_30_4,30,174,382,1,2,2,1001,1831650,1831650,0,0,6568,1,0,0,0,0,0,0
59,sun,27,102,92,0,1,1,1001,26948,26948,0,0,946,1,0,0,0,0,0,0
60,janos-us-ca,39,122,14,0,2,3,1001,6092569,6092569,0,0,199,1,0,0,0,0,0,0
61,ta1,24,106,272,1,3,1,1001,8.17494E+12,8.17494E+12,0,0,1819,1,0,0,0,0,0,0
62,random_30_4,30,174,765,1,1,1,1001,3567000,3567000,0,0,16582,1,0,0,0,0,0,0
63,Ibm,18,48,105,0,1,1,1001,612350,612350,0,0,580,1,0,0,0,0,0,0
64,HurricaneElectric,24,74,71,0,3,3,1001,354900,354900,0,0,254,1,0,0,0,0,0,0
65,random_20_4,20,76,81,1,3,3,1001,426050,426050,0,0,296,1,0,0,0,0,0,0
66,janos-us-ca,39,122,44,1,1,1,1001,10202467,10202467,0,0,717,1,0,0,0,0,0,0
67,random_30_4,30,174,765,0,1,1,1001,2616000,2616000,0,0,16555,1,0,0,0,0,0,0
68,cost266,37,114,156,3,0,1,1001,16128499860,16128499860,0,0,1845,1,0,0,0,0,0,0
69,Rediris,19,63,214,0,3,1,1001,693200,693200,0,0,829,1,0,0,0,0,0,0
70,random_30_5,30,216,838,0,2,1,1001,2191950,2191950,0,0,11335,1,0,0,0,0,0,0
71,random_30_5,30,216,419,0,3,2,1001,1079400,1079400,0,0,3613,1,0,0,0,0,0,0
72,random_25_5,25,150,197,0,1,3,1001,721900,721900,0,0,3254,1,0,0,0,0,0,0
73,Xeex,24,68,65,0,3,2,1001,571250,571250,0,0,261,1,0,0,0,0,0,0
74,nobel-eu,28,82,12,1,3,2,1001,1288332,1288332,0,0,83,1,0,0,0,0,0,0
75,Abvt,23,62,44,0,3,3,1001,400100,400100,0,0,272,1,0,0,0,0,0,0
76,Ibm,18,48,35,1,3,3,1001,296150,296150,0,0,104,1,0,0,0,0,0,0
77,random_25_5,25,150,296,1,2,2,1001,1474650,1474650,0,0,3284,1,0,0,0,0,0,0
78,Abvt,23,62,134,1,1,1,1001,1108750,1108750,0,0,1183,1,0,0,0,0,0,0
79,random_30_4,30,174,765,1,3,1,1001,3419750,3419750,0,0,9972,1,0,0,0,0,0,0
80,cost266,37,114,78,3,0,2,1001,12358997100,12358997100,0,0,1139,1,0,0,0,0,0,0
81,germany50,50,176,24,0,1,3,1001,4457930,4457930,0,0,398,1,0,0,0,0,0,0
82,ta1,24,106,136,0,3,2,1001,6.31054E+12,6.31054E+12,0,0,871,1,0,0,0,0,0,0
83,sun,27,102,46,0,1,2,1001,19712,19712,0,0,657,1,0,0,0,0,0,0
84,france,25,90,27,1,3,3,1001,8287675,8287675,0,0,104,1,0,0,0,0,0,0
85,random_30_5,30,216,419,0,1,2,1001,1153050,1153050,0,0,7738,1,0,0,0,0,0,0
86,random_25_3,25,90,317,1,2,1,1001,1570250,1570250,0,0,2630,1,0,0,0,0,0,0
87,random_20_5,20,94,341,0,1,1,1001,1392450,1392450,0,0,5187,1,0,0,0,0,0,0
88,random_20_5,20,94,341,1,3,1,1001,1710950,1710950,0,0,2956,1,0,0,0,0,0,0
89,cost266,37,114,52,2,0,3,1001,10412674380,10412674380,0,0,974,1,0,0,0,0,0,0
90,france,25,90,40,0,1,2,1001,11017600,11017600,0,0,382,1,0,0,0,0,0,0
91,geant,22,72,183,0,3,1,1001,578297410,578297410,0,0,834,1,0,0,0,0,0,0
92,random_20_3,20,56,88,0,2,2,1001,335250,335250,0,0,342,1,0,0,0,0,0,0
93,janos-us-ca,39,122,22,1,1,2,1001,7733435,7733435,0,0,459,1,0,0,0,0,0,0
94,Xeex,24,68,43,0,3,3,1001,431850,431850,0,0,152,1,0,0,0,0,0,0
95,Ibm,18,48,52,0,1,2,1001,394450,394450,0,0,298,1,0,0,0,0,0,0
96,random_30_5,30,216,838,1,3,1,1001,3023250,3023250,0,0,8595,1,0,0,0,0,0,0
97,zib54,54,161,420,1,1,1,1001,33946745310,33946745310,0,0,11304,1,0,0,0,0,0,0
98,zib54,54,161,140,1,2,3,1001,17632904188,17632904188,0,0,3994,1,0,0,0,0,0,0
99,janos-us-ca,39,122,44,0,3,1,1001,9941096,9941096,0,0,631,1,0,0,0,0,0,0
100,random_25_4,25,120,259,0,3,2,1001,1018250,1018250,0,0,2864,1,0,0,0,0,0,0
101,random_30_4,30,174,255,1,3,3,1001,1223000,1223000,0,0,3820,1,0,0,0,0,0,0
102,Canerie,32,82,11,0,3,3,1001,163650,163650,0,0,119,1,0,0,0,0,0,0
103,random_20_4,20,76,245,0,3,1,1001,874700,874700,0,0,963,1,0,0,0,0,0,0
104,ta1,24,106,272,0,3,1,1001,8.17492E+12,8.17492E+12,0,0,1800,1,0,0,0,0,0,0
105,random_25_5,25,150,197,1,3,3,1001,936600,936600,0,0,1970,1,0,0,0,0,0,0
106,france,25,90,81,1,1,1,1001,14630059,14630059,0,0,580,1,0,0,0,0,0,0
107,Goodnet,17,62,139,0,1,1,1001,577900,577900,0,0,1970,1,0,0,0,0,0,0
108,nobel-eu,28,82,25,1,2,1,1001,2300982,2300982,0,0,143,1,0,0,0,0,0,0
109,nobel-eu,28,82,25,0,2,1,1001,2300480,2300480,0,0,144,1,0,0,0,0,0,0
110,Quest,20,62,82,1,3,2,1001,602250,602250,0,0,782,1,0,0,0,0,0,0
111,random_25_3,25,90,158,1,1,2,1001,1171800,1171800,0,0,2385,1,0,0,0,0,0,0
112,random_20_3,20,56,88,0,1,2,1001,392050,392050,0,0,583,1,0,0,0,0,0,0
113,HurricaneElectric,24,74,71,1,2,3,1001,480200,480200,0,0,384,1,0,0,0,0,0,0
114,france,25,90,81,0,3,1,1001,13482000,13482000,0,0,266,1,0,0,0,0,0,0
115,zib54,54,161,420,0,1,1,1001,33795010331,33795010331,0,0,11264,1,0,0,0,0,0,0
116,Rediris,19,63,214,0,2,1,1001,746550,746550,0,0,1023,1,0,0,0,0,0,0
117,random_30_5,30,216,838,0,1,1,1001,2281200,2281200,0,0,16358,1,0,0,0,0,0,0
118,random_30_4,30,174,765,0,3,1,1001,2541500,2541500,0,0,10031,1,0,0,0,0,0,0
119,germany50,50,176,36,0,1,2,1001,5997330,5997330,0,0,757,1,0,0,0,0,0,0
120,random_30_4,30,174,765,0,2,1,1001,2605050,2605050,0,0,11611,1,0,0,0,0,0,0
121,random_20_4,20,76,245,0,1,1,1001,922300,922300,0,0,1937,1,0,0,0,0,0,0
122,random_25_5,25,150,197,0,2,3,1001,723100,723100,0,0,2217,1,0,0,0,0,0,0
123,Goodnet,17,62,69,1,3,2,1001,420100,420100,0,0,401,1,0,0,0,0,0,0
124,geant,22,72,61,1,2,3,1001,399583102,399583102,0,0,376,1,0,0,0,0,0,0
125,geant,22,72,183,1,3,1,1001,579214419,579214419,0,0,822,1,0,0,0,0,0,0
126,Bandcon,22,56,73,0,3,1,1001,569550,569550,0,0,437,1,0,0,0,0,0,0
127,random_20_3,20,56,176,1,1,1,1001,863200,863200,0,0,1102,1,0,0,0,0,0,0
128,ta1,24,106,136,0,2,2,1001,6.83691E+12,6.83691E+12,0,0,1065,1,0,0,0,0,0,0
129,ta1,24,106,90,0,1,3,1001,6.24236E+12,6.24236E+12,0,0,984,1,0,0,0,0,0,0
130,random_25_3,25,90,317,1,1,1,1001,1710100,1710100,0,0,4186,1,0,0,0,0,0,0
131,Rediris,19,63,107,0,2,2,1001,391250,391250,0,0,564,1,0,0,0,0,0,0
132,random_25_3,25,90,317,0,2,1,1001,1194700,1194700,0,0,2628,1,0,0,0,0,0,0
133,norway,27,102,231,1,3,3,1001,128805090,128805090,0,0,2912,1,0,0,0,0,0,0
134,cost266,37,114,156,2,1,1,1001,16907329772,16907329772,0,0,2310,1,0,0,0,0,0,0
135,germany50,50,176,73,1,1,1,1001,7812853,7812853,0,0,1320,1,0,0,0,0,0,0
136,Ibm,18,48,105,1,3,1,1001,651450,651450,0,0,302,1,0,0,0,0,0,0
137,janos-us-ca,39,122,22,1,3,2,1001,7680424,7680424,0,0,368,1,0,0,0,0,0,0
138,Canerie,32,82,11,1,1,3,1001,195800,195800,0,0,205,1,0,0,0,0,0,0
139,Goodnet,17,62,46,1,3,3,1001,275400,275400,0,0,260,1,0,0,0,0,0,0
140,zib54,54,161,140,0,3,3,1001,17338712023,17338712023,0,0,3594,1,0,0,0,0,0,0
141,nobel-eu,28,82,8,0,3,3,1001,1040500,1040500,0,0,61,1,0,0,0,0,0,0
142,Rediris,19,63,214,0,1,1,1001,796500,796500,0,0,1508,1,0,0,0,0,0,0
143,ta1,24,106,90,1,2,3,1001,5.8317E+12,5.8317E+12,0,0,728,1,0,0,0,0,0,0
144,Xeex,24,68,130,1,1,1,1001,997700,997700,0,0,826,1,0,0,0,0,0,0
145,Evolink,37,90,21,0,3,3,1001,263650,263650,0,0,189,1,0,0,0,0,0,0
146,Abvt,23,62,44,1,2,3,1001,516050,516050,0,0,357,1,0,0,0,0,0,0
147,random_20_4,20,76,122,0,3,2,1001,473100,473100,0,0,541,1,0,0,0,0,0,0
148,germany50,50,176,36,0,2,2,1001,5715810,5715810,0,0,583,1,0,0,0,0,0,0
149,giul39,39,172,162,0,2,3,1001,91887,91887,0,0,2420,1,0,0,0,0,0,0
150,random_25_5,25,150,296,1,3,2,1001,1452200,1452200,0,0,2801,1,0,0,0,0,0,0
151,random_20_5,20,94,113,0,2,3,1001,558150,558150,0,0,1317,1,0,0,0,0,0,0
152,random_25_4,25,120,519,1,2,1,1001,2626500,2626500,0,0,6686,1,0,0,0,0,0,0
153,Quest,20,62,54,0,3,3,1001,341250,341250,0,0,495,1,0,0,0,0,0,0
154,giul39,39,172,243,0,1,2,1001,156020,156020,0,0,5628,1,0,0,0,0,0,0
155,Goodnet,17,62,139,1,2,1,1001,736200,736200,0,0,1284,1,0,0,0,0,0,0
156,random_25_4,25,120,173,1,2,3,1001,996450,996450,0,0,2474,1,0,0,0,0,0,0
157,Goodnet,17,62,139,0,2,1,1001,564750,564750,0,0,1262,1,0,0,0,0,0,0
158,random_25_4,25,120,519,0,3,1,1001,1938650,1938650,0,0,5336,1,0,0,0,0,0,0
159,Quest,20,62,82,0,2,2,1001,531300,531300,0,0,934,1,0,0,0,0,0,0
160,norway,27,102,347,0,3,2,1001,187738630,187738630,0,0,4052,1,0,0,0,0,0,0
161,Rediris,19,63,71,1,2,3,1001,360450,360450,0,0,398,1,0,0,0,0,0,0
162,Xeex,24,68,43,0,1,3,1001,433500,433500,0,0,335,1,0,0,0,0,0,0
163,Goodnet,17,62,46,0,2,3,1001,217000,217000,0,0,444,1,0,0,0,0,0,0
164,Evolink,37,90,64,0,1,1,1001,445000,445000,0,0,721,1,0,0,0,0,0,0
165,Xeex,24,68,43,1,3,3,1001,503000,503000,0,0,155,1,0,0,0,0,0,0
166,random_20_3,20,56,176,1,3,1,1001,771150,771150,0,0,544,1,0,0,0,0,0,0
167,Evolink,37,90,64,0,3,1,1001,413750,413750,0,0,475,1,0,0,0,0,0,0
168,Abvt,23,62,134,0,1,1,1001,872500,872500,0,0,1203,1,0,0,0,0,0,0
169,random_30_4,30,174,255,1,2,3,1001,1254000,1254000,0,0,4495,1,0,0,0,0,0,0
170,Abvt,23,62,44,0,2,3,1001,421000,421000,0,0,353,1,0,0,0,0,0,0
171,HurricaneElectric,24,74,215,1,1,1,1001,1037050,1037050,0,0,2385,1,0,0,0,0,0,0
172,Rediris,19,63,71,0,3,3,1001,234000,234000,0,0,331,1,0,0,0,0,0,0
173,Evolink,37,90,21,0,1,3,1001,262950,262950,0,0,246,1,0,0,0,0,0,0
174,Ibm,18,48,105,1,2,1,1001,684750,684750,0,0,384,1,0,0,0,0,0,0
175,random_25_3,25,90,158,1,3,2,1001,1096550,1096550,0,0,1223,1,0,0,0,0,0,0
176,janos-us-ca,39,122,14,1,1,3,1001,6025727,6025727,0,0,241,1,0,0,0,0,0,0
177,Xeex,24,68,130,0,2,1,1001,777300,777300,0,0,569,1,0,0,0,0,0,0
178,random_30_4,30,174,382,0,2,2,1001,1371350,1371350,0,0,6578,1,0,0,0,0,0,0
179,Evolink,37,90,21,1,3,3,1001,313100,313100,0,0,180,1,0,0,0,0,0,0
180,Quest,20,62,82,0,3,2,1001,488100,488100,0,0,792,1,0,0,0,0,0,0
181,france,25,90,40,1,1,2,1001,11081032,11081032,0,0,383,1,0,0,0,0,0,0
182,random_20_4,20,76,122,1,1,2,1001,634200,634200,0,0,1088,1,0,0,0,0,0,0
183,giul39,39,172,162,0,1,3,1001,98819,98819,0,0,3988,1,0,0,0,0,0,0
184,Quest,20,62,54,1,3,3,1001,426900,426900,0,0,502,1,0,0,0,0,0,0
185,HurricaneElectric,24,74,215,0,3,1,1001,720800,720800,0,0,946,1,0,0,0,0,0,0
186,Goodnet,17,62,139,1,1,1,1001,761850,761850,0,0,1984,1,0,0,0,0,0,0
187,Canerie,32,82,17,1,1,2,1001,314950,314950,0,0,351,1,0,0,0,0,0,0
188,Rediris,19,63,214,1,1,1,1001,1056350,1056350,0,0,1516,1,0,0,0,0,0,0
189,random_30_3,30,130,508,0,1,1,1001,2126600,2126600,0,0,9084,1,0,0,0,0,0,0
190,norway,27,102,231,1,1,3,1001,140830593,140830593,0,0,4994,1,0,0,0,0,0,0
191,nobel-eu,28,82,25,0,1,1,1001,2427120,2427120,0,0,152,1,0,0,0,0,0,0
192,random_20_5,20,94,170,0,3,2,1001,768150,768150,0,0,1429,1,0,0,0,0,0,0
193,ta1,24,106,136,0,1,2,1001,7.19594E+12,7.19594E+12,0,0,1558,1,0,0,0,0,0,0
194,random_25_3,25,90,105,0,3,3,1001,641600,641600,0,0,890,1,0,0,0,0,0,0
195,random_25_4,25,120,259,1,3,2,1001,1344400,1344400,0,0,2942,1,0,0,0,0,0,0
196,cost266,37,114,52,2,1,3,1001,10412853597,10412853597,0,0,975,1,0,0,0,0,0,0
197,norway,27,102,694,0,1,1,1001,414889100,414889100,0,0,14094,1,0,0,0,0,0,0
198,geant,22,72,61,0,3,3,1001,364181331,364181331,0,0,333,1,0,0,0,0,0,0
199,germany50,50,176,36,1,2,2,1001,5717467,5717467,0,0,551,1,0,0,0,0,0,0
200,random_30_3,30,130,508,0,2,1,1001,1977800,1977800,0,0,6413,1,0,0,0,0,0,0
201,random_25_4,25,120,519,1,3,1,1001,2554950,2554950,0,0,5409,1,0,0,0,0,0,0
202,random_20_4,20,76,245,1,3,1,1001,1137950,1137950,0,0,911,1,0,0,0,0,0,0
203,nobel-eu,28,82,8,1,3,3,1001,1040762,1040762,0,0,61,1,0,0,0,0,0,0
204,random_20_5,20,94,113,1,2,3,1001,713150,713150,0,0,1334,1,0,0,0,0,0,0
205,random_20_4,20,76,81,0,2,3,1001,350200,350200,0,0,337,1,0,0,0,0,0,0
206,ta1,24,106,90,0,2,3,1001,5.83169E+12,5.83169E+12,0,0,737,1,0,0,0,0,0,0
207,HurricaneElectric,24,74,71,0,2,3,1001,367450,367450,0,0,384,1,0,0,0,0,0,0
208,france,25,90,27,1,2,3,1001,8129590,8129590,0,0,161,1,0,0,0,0,0,0
209,random_30_4,30,174,255,0,3,3,1001,913850,913850,0,0,3813,1,0,0,0,0,0,0
210,Bandcon,22,56,36,1,3,2,1001,404750,404750,0,0,258,1,0,0,0,0,0,0
211,giul39,39,172,162,1,3,3,1001,93872,93872,0,0,1810,1,0,0,0,0,0,0
212,geant,22,72,183,0,1,1,1001,633314290,633314290,0,0,1474,1,0,0,0,0,0,0
213,norway,27,102,231,1,2,3,1001,133025366,133025366,0,0,3242,1,0,0,0,0,0,0
214,random_25_4,25,120,519,0,1,1,1001,1994750,1994750,0,0,8624,1,0,0,0,0,0,0
215,ta1,24,106,136,1,2,2,1001,6.83692E+12,6.83692E+12,0,0,1021,1,0,0,0,0,0,0
216,Ibm,18,48,35,1,2,3,1001,307200,307200,0,0,112,1,0,0,0,0,0,0
217,HurricaneElectric,24,74,107,1,2,2,1001,607400,607400,0,0,480,1,0,0,0,0,0,0
218,HurricaneElectric,24,74,71,1,3,3,1001,462350,462350,0,0,249,1,0,0,0,0,0,0
219,random_30_5,30,216,279,1,3,3,1001,960750,960750,0,0,2705,1,0,0,0,0,0,0
220,Canerie,32,82,17,0,3,2,1001,262650,262650,0,0,196,1,0,0,0,0,0,0
221,janos-us-ca,39,122,14,0,3,3,1001,6021457,6021457,0,0,247,1,0,0,0,0,0,0
222,HurricaneElectric,24,74,215,0,2,1,1001,743150,743150,0,0,1247,1,0,0,0,0,0,0
223,norway,27,102,231,0,3,3,1001,128798000,128798000,0,0,2866,1,0,0,0,0,0,0
224,germany50,50,176,73,0,2,1,1001,7457180,7457180,0,0,992,1,0,0,0,0,0,0
225,random_25_3,25,90,317,0,1,1,1001,1311050,1311050,0,0,4098,1,0,0,0,0,0,0
226,Evolink,37,90,32,1,2,2,1001,406650,406650,0,0,276,1,0,0,0,0,0,0
227,random_25_5,25,150,197,1,2,3,1001,949150,949150,0,0,2173,1,0,0,0,0,0,0
228,nobel-eu,28,82,12,1,2,2,1001,1312112,1312112,0,0,96,1,0,0,0,0,0,0
229,Abvt,23,62,67,1,2,2,1001,810550,810550,0,0,641,1,0,0,0,0,0,0
230,Goodnet,17,62,46,0,1,3,1001,228650,228650,0,0,612,1,0,0,0,0,0,0
231,nobel-eu,28,82,12,1,1,2,1001,1404076,1404076,0,0,95,1,0,0,0,0,0,0
232,janos-us-ca,39,122,44,1,3,1,1001,9977739,9977739,0,0,622,1,0,0,0,0,0,0
233,random_25_4,25,120,173,0,3,3,1001,720700,720700,0,0,1948,1,0,0,0,0,0,0
234,Ibm,18,48,52,1,2,2,1001,424800,424800,0,0,173,1,0,0,0,0,0,0
235,germany50,50,176,73,1,2,1,1001,7459400,7459400,0,0,1004,1,0,0,0,0,0,0
236,sun,27,102,30,1,3,3,1001,12924,12924,0,0,200,1,0,0,0,0,0,0
237,random_20_5,20,94,170,0,1,2,1001,832150,832150,0,0,2914,1,0,0,0,0,0,0
238,Ibm,18,48,105,1,1,1,1001,786900,786900,0,0,556,1,0,0,0,0,0,0
239,sun,27,102,30,0,2,3,1001,12171,12171,0,0,207,1,0,0,0,0,0,0
240,Abvt,23,62,44,1,1,3,1001,495300,495300,0,0,464,1,0,0,0,0,0,0
241,Canerie,32,82,17,1,2,2,1001,332150,332150,0,0,234,1,0,0,0,0,0,0
242,random_20_4,20,76,245,1,1,1,1001,1208650,1208650,0,0,1945,1,0,0,0,0,0,0
243,Evolink,37,90,64,0,2,1,1001,410600,410600,0,0,504,1,0,0,0,0,0,0
244,france,25,90,40,1,2,2,1001,10203561,10203561,0,0,243,1,0,0,0,0,0,0
245,giul39,39,172,487,0,2,1,1001,252844,252844,0,0,6128,1,0,0,0,0,0,0
246,geant,22,72,183,1,2,1,1001,615411645,615411645,0,0,927,1,0,0,0,0,0,0
247,random_25_5,25,150,296,0,3,2,1001,1106000,1106000,0,0,2823,1,0,0,0,0,0,0
248,norway,27,102,694,1,1,1,1001,414911288,414911288,0,0,14120,1,0,0,0,0,0,0
249,zib54,54,161,140,0,1,3,1001,17877289523,17877289523,0,0,5196,1,0,0,0,0,0,0
250,Evolink,37,90,64,1,2,1,1001,509800,509800,0,0,517,1,0,0,0,0,0,0
251,Quest,20,62,82,1,1,2,1001,648600,648600,0,0,1442,1,0,0,0,0,0,0
252,random_25_3,25,90,158,0,1,2,1001,911800,911800,0,0,2333,1,0,0,0,0,0,0
253,random_30_5,30,216,279,1,1,3,1001,1045700,1045700,0,0,5556,1,0,0,0,0,0,0
254,random_20_4,20,76,81,1,2,3,1001,442550,442550,0,0,324,1,0,0,0,0,0,0
255,random_30_3,30,130,508,1,2,1,1001,2530700,2530700,0,0,6383,1,0,0,0,0,0,0
256,random_25_3,25,90,105,0,2,3,1001,592050,592050,0,0,1028,1,0,0,0,0,0,0
257,norway,27,102,347,1,2,2,1001,192512746,192512746,0,0,4560,1,0,0,0,0,0,0
258,france,25,90,81,0,1,1,1001,14543200,14543200,0,0,560,1,0,0,0,0,0,0
259,random_20_4,20,76,81,0,3,3,1001,333450,333450,0,0,293,1,0,0,0,0,0,0
260,Abvt,23,62,134,1,3,1,1001,1043150,1043150,0,0,750,1,0,0,0,0,0,0
261,Xeex,24,68,130,1,3,1,1001,952000,952000,0,0,418,1,0,0,0,0,0,0
262,random_20_3,20,56,88,1,2,2,1001,468900,468900,0,0,343,1,0,0,0,0,0,0
263,Bandcon,22,56,24,0,1,3,1001,265500,265500,0,0,237,1,0,0,0,0,0,0
264,janos-us-ca,39,122,22,0,3,2,1001,7653123,7653123,0,0,368,1,0,0,0,0,0,0
265,norway,27,102,347,1,1,2,1001,204826201,204826201,0,0,6781,1,0,0,0,0,0,0
266,geant,22,72,91,1,2,2,1001,489868733,489868733,0,0,523,1,0,0,0,0,0,0
267,random_30_5,30,216,419,0,2,2,1001,1046400,1046400,0,0,5092,1,0,0,0,0,0,0
268,Bandcon,22,56,73,1,1,1,1001,690300,690300,0,0,673,1,0,0,0,0,0,0
269,Bandcon,22,56,73,1,3,1,1001,674350,674350,0,0,440,1,0,0,0,0,0,0
270,Canerie,32,82,34,0,2,1,1001,419000,419000,0,0,409,1,0,0,0,0,0,0
271,random_25_5,25,150,197,0,3,3,1001,714650,714650,0,0,1916,1,0,0,0,0,0,0
272,zib54,54,161,140,1,3,3,1001,17338758344,17338758344,0,0,3608,1,0,0,0,0,0,0
273,cost266,37,114,156,1,1,1,1001,17436943959,17436943959,0,0,2757,1,0,0,0,0,0,0
274,france,25,90,27,0,1,3,1001,8912800,8912800,0,0,277,1,0,0,0,0,0,0
275,random_25_5,25,150,593,0,2,1,1001,2171200,2171200,0,0,6218,1,0,0,0,0,0,0
276,random_25_4,25,120,173,0,2,3,1001,766550,766550,0,0,2494,1,0,0,0,0,0,0
277,cost266,37,114,156,2,0,1,1001,16907030910,16907030910,0,0,2308,1,0,0,0,0,0,0
278,sun,27,102,46,0,3,2,1001,15521,15521,0,0,272,1,0,0,0,0,0,0
279,Bandcon,22,56,36,1,2,2,1001,398050,398050,0,0,287,1,0,0,0,0,0,0
280,random_20_4,20,76,122,1,2,2,1001,620050,620050,0,0,607,1,0,0,0,0,0,0
281,Bandcon,22,56,36,0,1,2,1001,322400,322400,0,0,422,1,0,0,0,0,0,0
282,Canerie,32,82,11,1,2,3,1001,195300,195300,0,0,148,1,0,0,0,0,0,0
283,geant,22,72,61,0,1,3,1001,427691268,427691268,0,0,723,1,0,0,0,0,0,0
284,random_25_5,25,150,593,1,3,1,1001,2838800,2838800,0,0,5624,1,0,0,0,0,0,0
285,germany50,50,176,73,0,1,1,1001,7810630,7810630,0,0,1309,1,0,0,0,0,0,0
286,Abvt,23,62,134,0,2,1,1001,888450,888450,0,0,911,1,0,0,0,0,0,0
287,random_30_3,30,130,169,1,1,3,1001,871150,871150,0,0,3290,1,0,0,0,0,0,0
288,random_20_5,20,94,170,1,2,2,1001,1014450,1014450,0,0,2007,1,0,0,0,0,0,0
289,norway,27,102,694,0,3,1,1001,379030320,379030320,0,0,7755,1,0,0,0,0,0,0
290,Xeex,24,68,130,1,2,1,1001,942200,942200,0,0,560,1,0,0,0,0,0,0
291,Canerie,32,82,17,1,3,2,1001,309100,309100,0,0,186,1,0,0,0,0,0,0
292,Canerie,32,82,34,1,1,1,1001,479900,479900,0,0,679,1,0,0,0,0,0,0
293,germany50,50,176,24,0,2,3,1001,4325470,4325470,0,0,265,1,0,0,0,0,0,0
294,Bandcon,22,56,24,1,2,3,1001,325450,325450,0,0,167,1,0,0,0,0,0,0
295,geant,22,72,61,1,1,3,1001,428360824,428360824,0,0,719,1,0,0,0,0,0,0
296,random_30_4,30,174,382,1,3,2,1001,1802500,1802500,0,0,5520,1,0,0,0,0,0,0
297,Bandcon,22,56,24,1,1,3,1001,329150,329150,0,0,232,1,0,0,0,0,0,0
298,Quest,20,62,164,0,1,1,1001,794650,794650,0,0,1934,1,0,0,0,0,0,0
299,random_30_4,30,174,255,1,1,3,1001,1257800,1257800,0,0,5830,1,0,0,0,0,0,0
300,Abvt,23,62,67,0,2,2,1001,665650,665650,0,0,650,1,0,0,0,0,0,0
301,random_20_5,20,94,113,0,1,3,1001,578250,578250,0,0,1855,1,0,0,0,0,0,0
302,random_20_3,20,56,176,1,2,1,1001,786650,786650,0,0,712,1,0,0,0,0,0,0
303,random_30_5,30,216,838,1,2,1,1001,3053850,3053850,0,0,11171,1,0,0,0,0,0,0
304,HurricaneElectric,24,74,71,0,1,3,1001,390850,390850,0,0,794,1,0,0,0,0,0,0
305,Xeex,24,68,43,1,1,3,1001,513000,513000,0,0,339,1,0,0,0,0,0,0
306,giul39,39,172,162,0,3,3,1001,89767,89767,0,0,1809,1,0,0,0,0,0,0
307,random_25_4,25,120,259,1,1,2,1001,1401950,1401950,0,0,4809,1,0,0,0,0,0,0
308,nobel-eu,28,82,25,0,3,1,1001,2269540,2269540,0,0,121,1,0,0,0,0,0,0
309,Canerie,32,82,17,0,2,2,1001,289950,289950,0,0,238,1,0,0,0,0,0,0
310,nobel-eu,28,82,25,1,3,1,1001,2270036,2270036,0,0,118,1,0,0,0,0,0,0
311,Bandcon,22,56,36,0,2,2,1001,328800,328800,0,0,288,1,0,0,0,0,0,0
312,Ibm,18,48,52,1,1,2,1001,504400,504400,0,0,286,1,0,0,0,0,0,0
313,giul39,39,172,487,0,1,1,1001,268986,268986,0,0,9925,1,0,0,0,0,0,0
314,Canerie,32,82,11,1,3,3,1001,191750,191750,0,0,120,1,0,0,0,0,0,0
315,Goodnet,17,62,69,1,2,2,1001,449200,449200,0,0,622,1,0,0,0,0,0,0
316,geant,22,72,91,0,2,2,1001,489053038,489053038,0,0,517,1,0,0,0,0,0,0
317,france,25,90,81,0,2,1,1001,13528000,13528000,0,0,358,1,0,0,0,0,0,0
318,Goodnet,17,62,46,1,2,3,1001,288000,288000,0,0,450,1,0,0,0,0,0,0
319,janos-us-ca,39,122,14,0,1,3,1001,6005384,6005384,0,0,245,1,0,0,0,0,0,0
320,Goodnet,17,62,69,0,2,2,1001,344550,344550,0,0,633,1,0,0,0,0,0,0
321,random_20_4,20,76,122,1,3,2,1001,607350,607350,0,0,527,1,0,0,0,0,0,0
322,Rediris,19,63,107,0,3,2,1001,348800,348800,0,0,460,1,0,0,0,0,0,0
323,zib54,54,161,140,1,1,3,1001,17883898442,17883898442,0,0,5229,1,0,0,0,0,0,0
324,random_30_4,30,174,382,0,1,2,1001,1378800,1378800,0,0,8894,1,0,0,0,0,0,0
325,random_25_3,25,90,317,1,3,1,1001,1598950,1598950,0,0,2149,1,0,0,0,0,0,0
326,ta1,24,106,272,1,2,1,1001,8.69655E+12,8.69655E+12,0,0,2201,1,0,0,0,0,0,0
327,cost266,37,114,78,2,0,2,1001,12840823620,12840823620,0,0,1465,1,0,0,0,0,0,0
328,zib54,54,161,210,1,3,2,1001,23646788730,23646788730,0,0,5349,1,0,0,0,0,0,0
329,random_30_3,30,130,508,1,1,1,1001,2707750,2707750,0,0,8983,1,0,0,0,0,0,0
330,random_25_3,25,90,105,1,3,3,1001,813100,813100,0,0,865,1,0,0,0,0,0,0
331,norway,27,102,347,0,2,2,1001,193218700,193218700,0,0,4519,1,0,0,0,0,0,0
332,norway,27,102,347,1,3,2,1001,187749009,187749009,0,0,4032,1,0,0,0,0,0,0
333,HurricaneElectric,24,74,71,1,1,3,1001,514600,514600,0,0,795,1,0,0,0,0,0,0
334,random_20_5,20,94,170,1,3,2,1001,989650,989650,0,0,1403,1,0,0,0,0,0,0
335,random_20_4,20,76,245,0,2,1,1001,877350,877350,0,0,1043,1,0,0,0,0,0,0
336,Abvt,23,62,44,1,3,3,1001,491200,491200,0,0,279,1,0,0,0,0,0,0
337,geant,22,72,61,0,2,3,1001,398899849,398899849,0,0,375,1,0,0,0,0,0,0
338,Ibm,18,48,35,0,3,3,1001,226150,226150,0,0,103,1,0,0,0,0,0,0
339,random_30_5,30,216,419,1,1,2,1001,1598300,1598300,0,0,7818,1,0,0,0,0,0,0
340,Evolink,37,90,32,0,1,2,1001,370500,370500,0,0,434,1,0,0,0,0,0,0
341,Quest,20,62,54,0,1,3,1001,387050,387050,0,0,785,1,0,0,0,0,0,0
342,Rediris,19,63,107,1,3,2,1001,477900,477900,0,0,461,1,0,0,0,0,0,0
343,norway,27,102,694,1,3,1,1001,379050894,379050894,0,0,7770,1,0,0,0,0,0,0
344,random_20_3,20,56,58,1,2,3,1001,340550,340550,0,0,223,1,0,0,0,0,0,0
345,Abvt,23,62,134,0,3,1,1001,830550,830550,0,0,745,1,0,0,0,0,0,0
346,HurricaneElectric,24,74,107,1,3,2,1001,588450,588450,0,0,327,1,0,0,0,0,0,0
347,ta1,24,106,90,1,3,3,1001,5.34378E+12,5.34378E+12,0,0,617,1,0,0,0,0,0,0
348,random_30_3,30,130,254,0,3,2,1001,974350,974350,0,0,2502,1,0,0,0,0,0,0
349,giul39,39,172,162,1,2,3,1001,96096,96096,0,0,2415,1,0,0,0,0,0,0
350,ta1,24,106,136,1,1,2,1001,7.19595E+12,7.19595E+12,0,0,1550,1,0,0,0,0,0,0
351,sun,27,102,46,1,2,2,1001,16387,16387,0,0,316,1,0,0,0,0,0,0
352,Goodnet,17,62,69,1,1,2,1001,452150,452150,0,0,883,1,0,0,0,0,0,0
353,HurricaneElectric,24,74,215,1,3,1,1001,961800,961800,0,0,946,1,0,0,0,0,0,0
354,random_30_3,30,130,254,1,3,2,1001,1267300,1267300,0,0,2523,1,0,0,0,0,0,0
355,random_25_5,25,150,197,1,1,3,1001,960100,960100,0,0,3244,1,0,0,0,0,0,0
356,france,25,90,27,0,2,3,1001,8077400,8077400,0,0,163,1,0,0,0,0,0,0
357,sun,27,102,92,1,1,1,1001,28518,28518,0,0,962,1,0,0,0,0,0,0
358,nobel-eu,28,82,8,0,2,3,1001,1064280,1064280,0,0,72,1,0,0,0,0,0,0
359,giul39,39,172,162,1,1,3,1001,103262,103262,0,0,3914,1,0,0,0,0,0,0
360,Evolink,37,90,32,1,3,2,1001,406500,406500,0,0,258,1,0,0,0,0,0,0
361,france,25,90,40,0,2,2,1001,10139400,10139400,0,0,236,1,0,0,0,0,0,0
362,HurricaneElectric,24,74,107,0,2,2,1001,462350,462350,0,0,474,1,0,0,0,0,0,0
363,Rediris,19,63,107,0,1,2,1001,444950,444950,0,0,900,1,0,0,0,0,0,0
364,Abvt,23,62,67,1,1,2,1001,796350,796350,0,0,807,1,0,0,0,0,0,0
365,random_20_5,20,94,341,1,2,1,1001,1766550,1766550,0,0,3648,1,0,0,0,0,0,0
366,Bandcon,22,56,24,1,3,3,1001,331700,331700,0,0,136,1,0,0,0,0,0,0
367,random_25_5,25,150,296,0,2,2,1001,1121400,1121400,0,0,3282,1,0,0,0,0,0,0
368,germany50,50,176,36,1,3,2,1001,5696071,5696071,0,0,397,1,0,0,0,0,0,0
369,random_25_4,25,120,259,0,2,2,1001,1059650,1059650,0,0,3651,1,0,0,0,0,0,0
370,germany50,50,176,73,0,3,1,1001,7416910,7416910,0,0,782,1,0,0,0,0,0,0
371,giul39,39,172,487,0,3,1,1001,246511,246511,0,0,5013,1,0,0,0,0,0,0
372,random_25_3,25,90,158,0,2,2,1001,817300,817300,0,0,1433,1,0,0,0,0,0,0
373,Ibm,18,48,35,1,1,3,1001,359250,359250,0,0,175,1,0,0,0,0,0,0
374,random_20_4,20,76,81,1,1,3,1001,462000,462000,0,0,693,1,0,0,0,0,0,0
375,sun,27,102,30,1,1,3,1001,16188,16188,0,0,426,1,0,0,0,0,0,0
376,Ibm,18,48,35,0,2,3,1001,236500,236500,0,0,108,1,0,0,0,0,0,0
377,norway,27,102,231,0,1,3,1001,140822880,140822880,0,0,5017,1,0,0,0,0,0,0
378,Bandcon,22,56,73,1,2,1,1001,658400,658400,0,0,469,1,0,0,0,0,0,0
379,Quest,20,62,82,1,2,2,1001,650800,650800,0,0,946,1,0,0,0,0,0,0
380,random_25_3,25,90,105,1,2,3,1001,766350,766350,0,0,999,1,0,0,0,0,0,0
381,Evolink,37,90,21,0,2,3,1001,263650,263650,0,0,177,1,0,0,0,0,0,0
382,Rediris,19,63,71,0,1,3,1001,294150,294150,0,0,625,1,0,0,0,0,0,0
383,random_20_3,20,56,58,0,3,3,1001,241050,241050,0,0,158,1,0,0,0,0,0,0
384,janos-us-ca,39,122,14,1,2,3,1001,6112912,6112912,0,0,194,1,0,0,0,0,0,0
385,Goodnet,17,62,139,1,3,1,1001,666200,666200,0,0,758,1,0,0,0,0,0,0
386,france,25,90,81,1,2,1,1001,13615676,13615676,0,0,354,1,0,0,0,0,0,0
387,sun,27,102,92,1,2,1,1001,23340,23340,0,0,471,1,0,0,0,0,0,0
388,Quest,20,62,164,0,3,1,1001,748350,748350,0,0,1066,1,0,0,0,0,0,0
389,giul39,39,172,243,0,2,2,1001,146739,146739,0,0,3461,1,0,0,0,0,0,0
390,random_25_3,25,90,105,1,1,3,1001,861350,861350,0,0,1657,1,0,0,0,0,0,0
391,random_20_3,20,56,58,0,1,3,1001,278050,278050,0,0,400,1,0,0,0,0,0,0
392,HurricaneElectric,24,74,107,0,3,2,1001,450000,450000,0,0,325,1,0,0,0,0,0,0
393,Xeex,24,68,65,1,2,2,1001,650100,650100,0,0,374,1,0,0,0,0,0,0
394,germany50,50,176,36,1,1,2,1001,5998998,5998998,0,0,741,1,0,0,0,0,0,0
395,cost266,37,114,156,3,1,1,1001,16128807027,16128807027,0,0,1842,1,0,0,0,0,0,0
396,Rediris,19,63,214,1,3,1,1001,933350,933350,0,0,838,1,0,0,0,0,0,0
397,random_20_3,20,56,176,0,2,1,1001,564050,564050,0,0,710,1,0,0,0,0,0,0
398,Ibm,18,48,105,0,2,1,1001,525850,525850,0,0,388,1,0,0,0,0,0,0
399,HurricaneElectric,24,74,215,0,1,1,1001,770950,770950,0,0,2403,1,0,0,0,0,0,0
400,Abvt,23,62,67,1,3,2,1001,746900,746900,0,0,507,1,0,0,0,0,0,0
401,Evolink,37,90,32,0,3,2,1001,330900,330900,0,0,264,1,0,0,0,0,0,0
402,Quest,20,62,164,0,2,1,1001,808050,808050,0,0,1311,1,0,0,0,0,0,0
403,geant,22,72,91,0,1,2,1001,514311842,514311842,0,0,939,1,0,0,0,0,0,0
404,france,25,90,40,1,3,2,1001,10181158,10181158,0,0,166,1,0,0,0,0,0,0
405,Ibm,18,48,52,0,2,2,1001,327350,327350,0,0,179,1,0,0,0,0,0,0
406,Ibm,18,48,52,0,3,2,1001,298300,298300,0,0,145,1,0,0,0,0,0,0
407,ta1,24,106,136,1,3,2,1001,6.31055E+12,6.31055E+12,0,0,911,1,0,0,0,0,0,0
408,sun,27,102,46,1,1,2,1001,20783,20783,0,0,638,1,0,0,0,0,0,0
409,sun,27,102,46,0,2,2,1001,15404,15404,0,0,313,1,0,0,0,0,0,0
410,germany50,50,176,24,1,1,3,1001,4459181,4459181,0,0,397,1,0,0,0,0,0,0
411,Evolink,37,90,21,1,2,3,1001,313150,313150,0,0,179,1,0,0,0,0,0,0
412,Canerie,32,82,34,1,2,1,1001,488700,488700,0,0,423,1,0,0,0,0,0,0
413,random_20_4,20,76,245,1,2,1,1001,1142050,1142050,0,0,1047,1,0,0,0,0,0,0
414,random_20_3,20,56,58,1,3,3,1001,332850,332850,0,0,161,1,0,0,0,0,0,0
415,janos-us-ca,39,122,44,0,1,1,1001,10166445,10166445,0,0,723,1,0,0,0,0,0,0
416,random_30_3,30,130,508,0,3,1,1001,1893950,1893950,0,0,5031,1,0,0,0,0,0,0
417,random_30_3,30,130,254,0,1,2,1001,1072400,1072400,0,0,4711,1,0,0,0,0,0,0
418,Quest,20,62,82,0,1,2,1001,523500,523500,0,0,1442,1,0,0,0,0,0,0
419,sun,27,102,30,0,1,3,1001,15353,15353,0,0,431,1,0,0,0,0,0,0
420,random_30_3,30,130,254,1,2,2,1001,1313550,1313550,0,0,3171,1,0,0,0,0,0,0
421,random_20_5,20,94,113,1,1,3,1001,745300,745300,0,0,1820,1,0,0,0,0,0,0
422,random_25_4,25,120,259,0,1,2,1001,1052750,1052750,0,0,4820,1,0,0,0,0,0,0
423,Canerie,32,82,11,0,2,3,1001,166850,166850,0,0,140,1,0,0,0,0,0,0
424,random_25_4,25,120,259,1,2,2,1001,1390450,1390450,0,0,3610,1,0,0,0,0,0,0
425,random_30_3,30,130,254,1,1,2,1001,1384350,1384350,0,0,4742,1,0,0,0,0,0,0
426,random_30_3,30,130,254,0,2,2,1001,1017900,1017900,0,0,3098,1,0,0,0,0,0,0
427,cost266,37,114,52,3,0,3,1001,9922907250,9922907250,0,0,821,1,0,0,0,0,0,0
428,Goodnet,17,62,139,0,3,1,1001,507100,507100,0,0,707,1,0,0,0,0,0,0
429,Goodnet,17,62,46,0,3,3,1001,209150,209150,0,0,264,1,0,0,0,0,0,0
430,random_30_5,30,216,419,1,3,2,1001,1494100,1494100,0,0,3702,1,0,0,0,0,0,0
431,geant,22,72,183,1,1,1,1001,634288016,634288016,0,0,1487,1,0,0,0,0,0,0
432,zib54,54,161,140,0,2,3,1001,17632856596,17632856596,0,0,4110,1,0,0,0,0,0,0
433,Goodnet,17,62,69,0,1,2,1001,342900,342900,0,0,886,1,0,0,0,0,0,0
434,Ibm,18,48,52,1,3,2,1001,397350,397350,0,0,154,1,0,0,0,0,0,0
435,cost266,37,114,156,1,0,1,1001,17436624030,17436624030,0,0,2756,1,0,0,0,0,0,0
436,random_20_4,20,76,122,0,2,2,1001,485050,485050,0,0,619,1,0,0,0,0,0,0
437,random_30_4,30,174,255,0,1,3,1001,932600,932600,0,0,5850,1,0,0,0,0,0,0
438,random_25_5,25,150,296,1,1,2,1001,1492450,1492450,0,0,4892,1,0,0,0,0,0,0
439,cost266,37,114,78,3,1,2,1001,12359227493,12359227493,0,0,1138,1,0,0,0,0,0,0
440,Xeex,24,68,43,1,2,3,1001,475400,475400,0,0,217,1,0,0,0,0,0,0
441,france,25,90,27,1,1,3,1001,8963960,8963960,0,0,282,1,0,0,0,0,0,0
442,ta1,24,106,90,0,3,3,1001,5.34377E+12,5.34377E+12,0,0,631,1,0,0,0,0,0,0
443,nobel-eu,28,82,8,1,2,3,1001,1064542,1064542,0,0,76,1,0,0,0,0,0,0
444,random_30_5,30,216,419,1,2,2,1001,1472800,1472800,0,0,5069,1,0,0,0,0,0,0
445,giul39,39,172,487,1,3,1,1001,257722,257722,0,0,5123,1,0,0,0,0,0,0
446,nobel-eu,28,82,8,0,1,3,1001,1159680,1159680,0,0,75,1,0,0,0,0,0,0
447,random_30_3,30,130,169,0,2,3,1001,641150,641150,0,0,1934,1,0,0,0,0,0,0
448,random_25_5,25,150,296,0,1,2,1001,1120600,1120600,0,0,4889,1,0,0,0,0,0,0
449,sun,27,102,46,1,3,2,1001,16473,16473,0,0,264,1,0,0,0,0,0,0
450,nobel-eu,28,82,25,1,1,1,1001,2427636,2427636,0,0,149,1,0,0,0,0,0,0
451,random_30_5,30,216,279,0,2,3,1001,692850,692850,0,0,3552,1,0,0,0,0,0,0
452,cost266,37,114,52,3,1,3,1001,9923092543,9923092543,0,0,818,1,0,0,0,0,0,0
453,Evolink,37,90,32,1,1,2,1001,450650,450650,0,0,445,1,0,0,0,0,0,0
454,germany50,50,176,24,0,3,3,1001,4354500,4354500,0,0,224,1,0,0,0,0,0,0
455,Goodnet,17,62,69,0,3,2,1001,320850,320850,0,0,397,1,0,0,0,0,0,0
456,Rediris,19,63,107,1,1,2,1001,582350,582350,0,0,894,1,0,0,0,0,0,0
457,Bandcon,22,56,73,0,1,1,1001,568100,568100,0,0,659,1,0,0,0,0,0,0
458,sun,27,102,92,0,3,1,1001,22208,22208,0,0,405,1,0,0,0,0,0,0
459,Quest,20,62,54,0,2,3,1001,388450,388450,0,0,579,1,0,0,0,0,0,0
460,random_30_5,30,216,279,1,2,3,1001,970850,970850,0,0,3615,1,0,0,0,0,0,0
461,Bandcon,22,56,24,0,3,3,1001,279900,279900,0,0,136,1,0,0,0,0,0,0
462,random_25_4,25,120,173,0,1,3,1001,745750,745750,0,0,3206,1,0,0,0,0,0,0
463,random_20_5,20,94,341,0,3,1,1001,1307350,1307350,0,0,2892,1,0,0,0,0,0,0
464,HurricaneElectric,24,74,107,0,1,2,1001,490600,490600,0,0,938,1,0,0,0,0,0,0
465,janos-us-ca,39,122,22,0,1,2,1001,7706609,7706609,0,0,464,1,0,0,0,0,0,0
466,cost266,37,114,78,1,0,2,1001,13439177460,13439177460,0,0,1764,1,0,0,0,0,0,0
467,Quest,20,62,54,1,1,3,1001,481600,481600,0,0,778,1,0,0,0,0,0,0
468,Xeex,24,68,130,0,3,1,1001,794050,794050,0,0,404,1,0,0,0,0,0,0
469,random_20_3,20,56,88,1,1,2,1001,536350,536350,0,0,594,1,0,0,0,0,0,0
470,sun,27,102,30,1,2,3,1001,12937,12937,0,0,203,1,0,0,0,0,0,0
471,Evolink,37,90,32,0,2,2,1001,330900,330900,0,0,280,1,0,0,0,0,0,0
472,Canerie,32,82,11,0,1,3,1001,166650,166650,0,0,212,1,0,0,0,0,0,0
473,germany50,50,176,24,1,2,3,1001,4326704,4326704,0,0,242,1,0,0,0,0,0,0
474,random_25_5,25,150,593,1,2,1,1001,2876500,2876500,0,0,6237,1,0,0,0,0,0,0
475,Xeex,24,68,65,0,1,2,1001,586450,586450,0,0,578,1,0,0,0,0,0,0
476,Evolink,37,90,64,1,1,1,1001,552400,552400,0,0,719,1,0,0,0,0,0,0
477,giul39,39,172,243,1,3,2,1001,148078,148078,0,0,2715,1,0,0,0,0,0,0
478,Bandcon,22,56,24,0,2,3,1001,270700,270700,0,0,168,1,0,0,0,0,0,0
479,random_20_5,20,94,170,0,2,2,1001,784100,784100,0,0,2014,1,0,0,0,0,0,0
480,norway,27,102,231,0,2,3,1001,131746530,131746530,0,0,3355,1,0,0,0,0,0,0
481,random_25_5,25,150,593,0,1,1,1001,2231650,2231650,0,0,9579,1,0,0,0,0,0,0
482,random_25_5,25,150,593,0,3,1,1001,2142500,2142500,0,0,5611,1,0,0,0,0,0,0
483,random_25_4,25,120,173,1,1,3,1001,984350,984350,0,0,3174,1,0,0,0,0,0,0
484,Bandcon,22,56,36,0,3,2,1001,338450,338450,0,0,265,1,0,0,0,0,0,0
485,ta1,24,106,272,0,1,1,1001,9.09171E+12,9.09171E+12,0,0,3101,1,0,0,0,0,0,0
486,geant,22,72,183,0,2,1,1001,614405461,614405461,0,0,917,1,0,0,0,0,0,0
487,Evolink,37,90,64,1,3,1,1001,513100,513100,0,0,475,1,0,0,0,0,0,0
488,zib54,54,161,420,1,2,1,1001,32763312025,32763312025,0,0,9087,1,0,0,0,0,0,0
489,random_20_4,20,76,122,0,1,2,1001,489650,489650,0,0,1099,1,0,0,0,0,0,0
490,Goodnet,17,62,46,1,1,3,1001,302100,302100,0,0,610,1,0,0,0,0,0,0
491,cost266,37,114,52,1,0,3,1001,10963323000,10963323000,0,0,1133,1,0,0,0,0,0,0
492,france,25,90,27,0,3,3,1001,8239400,8239400,0,0,107,1,0,0,0,0,0,0
493,Xeex,24,68,43,0,2,3,1001,397450,397450,0,0,206,1,0,0,0,0,0,0
494,Abvt,23,62,67,0,1,2,1001,635450,635450,0,0,805,1,0,0,0,0,0,0
495,cost266,37,114,78,1,1,2,1001,13439420276,13439420276,0,0,1759,1,0,0,0,0,0,0
496,nobel-eu,28,82,12,0,1,2,1001,1403760,1403760,0,0,100,1,0,0,0,0,0,0
497,random_25_4,25,120,519,0,2,1,1001,2002400,2002400,0,0,6738,1,0,0,0,0,0,0
498,nobel-eu,28,82,12,0,3,2,1001,1288020,1288020,0,0,81,1,0,0,0,0,0,0
499,Ibm,18,48,35,0,1,3,1001,281600,281600,0,0,182,1,0,0,0,0,0,0
500,giul39,39,172,243,1,1,2,1001,162780,162780,0,0,5469,1,0,0,0,0,0,0
501,random_20_5,20,94,170,1,1,2,1001,1084850,1084850,0,0,2898,1,0,0,0,0,0,0
502,Ibm,18,48,105,0,3,1,1001,491550,491550,0,0,295,1,0,0,0,0,0,0
503,Abvt,23,62,134,1,2,1,1001,1112750,1112750,0,0,907,1,0,0,0,0,0,0
504,random_25_3,25,90,158,0,3,2,1001,855850,855850,0,0,1251,1,0,0,0,0,0,0
505,geant,22,72,91,1,3,2,1001,451000567,451000567,0,0,477,1,0,0,0,0,0,0
506,ta1,24,106,272,1,1,1,1001,9.09173E+12,9.09173E+12,0,0,3110,1,0,0,0,0,0,0
507,Rediris,19,63,107,1,2,2,1001,523050,523050,0,0,569,1,0,0,0,0,0,0
508,random_20_5,20,94,341,1,1,1,1001,1843300,1843300,0,0,5276,1,0,0,0,0,0,0
509,janos-us-ca,39,122,14,1,3,3,1001,6041842,6041842,0,0,256,1,0,0,0,0,0,0
510,germany50,50,176,36,0,3,2,1001,5694460,5694460,0,0,415,1,0,0,0,0,0,0
511,random_20_5,20,94,113,0,3,3,1001,535950,535950,0,0,877,1,0,0,0,0,0,0
512,Bandcon,22,56,73,0,2,1,1001,549050,549050,0,0,483,1,0,0,0,0,0,0
513,giul39,39,172,487,1,2,1,1001,264293,264293,0,0,6174,1,0,0,0,0,0,0
514,france,25,90,81,1,3,1,1001,13565569,13565569,0,0,270,1,0,0,0,0,0,0
515,random_20_5,20,94,341,0,2,1,1001,1350400,1350400,0,0,3784,1,0,0,0,0,0,0
516,norway,27,102,347,0,1,2,1001,204815030,204815030,0,0,6780,1,0,0,0,0,0,0
517,random_20_3,20,56,58,1,1,3,1001,381400,381400,0,0,401,1,0,0,0,0,0,0
518,Rediris,19,63,214,1,2,1,1001,996100,996100,0,0,1062,1,0,0,0,0,0,0
519,germany50,50,176,24,1,3,3,1001,4355699,4355699,0,0,218,1,0,0,0,0,0,0
520,Rediris,19,63,71,1,1,3,1001,389800,389800,0,0,618,1,0,0,0,0,0,0
521,zib54,54,161,210,0,3,2,1001,23646723839,23646723839,0,0,5363,1,0,0,0,0,0,0
522,Canerie,32,82,34,1,3,1,1001,478100,478100,0,0,341,1,0,0,0,0,0,0
523,ta1,24,106,272,0,2,1,1001,8.69653E+12,8.69653E+12,0,0,2085,1,0,0,0,0,0,0
524,random_25_5,25,150,593,1,1,1,1001,2984100,2984100,0,0,9614,1,0,0,0,0,0,0
525,random_30_4,30,174,382,0,3,2,1001,1349450,1349450,0,0,5540,1,0,0,0,0,0,0
526,zib54,54,161,210,1,1,2,1001,24334675100,24334675100,0,0,7732,1,0,0,0,0,0,0
527,Xeex,24,68,65,1,1,2,1001,693950,693950,0,0,569,1,0,0,0,0,0,0
528,zib54,54,161,210,1,2,2,1001,23990407848,23990407848,0,0,6262,1,0,0,0,0,0,0
529,nobel-eu,28,82,12,0,2,2,1001,1311800,1311800,0,0,92,1,0,0,0,0,0,0
530,giul39,39,172,487,1,1,1,1001,281023,281023,0,0,10089,1,0,0,0,0,0,0
531,random_20_3,20,56,88,1,3,2,1001,456550,456550,0,0,254,1,0,0,0,0,0,0
532,random_30_4,30,174,255,0,2,3,1001,941400,941400,0,0,4491,1,0,0,0,0,0,0
533,random_20_3,20,56,88,0,3,2,1001,325450,325450,0,0,251,1,0,0,0,0,0,0
534,janos-us-ca,39,122,44,0,2,1,1001,10044366,10044366,0,0,645,1,0,0,0,0,0,0
535,norway,27,102,694,1,2,1,1001,384799574,384799574,0,0,9156,1,0,0,0,0,0,0
536,cost266,37,114,78,2,1,2,1001,12841045014,12841045014,0,0,1466,1,0,0,0,0,0,0
537,germany50,50,176,73,1,3,1,1001,7419071,7419071,0,0,779,1,0,0,0,0,0,0
538,zib54,54,161,210,0,2,2,1001,23990341654,23990341654,0,0,6352,1,0,0,0,0,0,0
539,nobel-eu,28,82,8,1,1,3,1001,1159942,1159942,0,0,72,1,0,0,0,0,0,0
